,Class,kmean,knn
0,1,0,1
1,1,0,1
2,1,0,1
3,1,0,1
4,1,0,1
5,1,0,1
6,1,0,1
7,1,0,1
8,1,0,1
9,1,0,1
10,1,0,1
11,1,0,1
12,1,0,1
13,1,0,1
14,1,0,1
15,1,0,1
16,1,0,1
17,1,0,1
18,1,0,1
19,1,0,1
20,1,0,1
21,1,0,1
22,1,0,1
23,1,0,1
24,1,0,1
25,1,0,1
26,1,0,1
27,1,0,1
28,1,0,1
29,1,0,1
30,1,0,1
31,1,0,1
32,1,0,1
33,1,0,1
34,1,0,1
35,1,0,1
36,1,0,1
37,1,0,1
38,1,0,1
39,1,0,1
40,1,0,1
41,1,0,1
42,1,0,1
43,1,0,1
44,1,0,1
45,1,0,1
46,1,0,1
47,1,0,1
48,1,0,1
49,1,0,1
50,1,0,1
51,1,0,1
52,1,0,1
53,1,0,1
54,1,0,1
55,1,0,1
56,1,0,1
57,1,0,1
58,1,0,1
59,1,0,1
60,1,0,1
61,1,0,1
62,1,0,1
63,1,0,1
64,1,0,1
65,1,0,1
66,1,0,1
67,1,0,1
68,1,0,1
69,1,0,1
70,1,0,1
71,1,0,1
72,1,0,1
73,1,0,1
74,1,0,1
75,1,0,1
76,1,0,1
77,1,0,1
78,1,0,1
79,1,0,1
80,1,0,1
81,1,0,1
82,1,0,1
83,1,0,1
84,1,0,1
85,1,0,1
86,1,0,1
87,1,0,1
88,1,0,1
89,1,0,1
90,1,0,1
91,1,0,1
92,1,0,1
93,1,0,1
94,1,0,1
95,1,0,1
96,1,0,1
97,1,0,1
98,1,0,1
99,1,0,1
100,1,0,1
101,1,0,1
102,1,0,1
103,1,0,1
104,1,0,1
105,1,0,1
106,1,0,1
107,1,0,1
108,1,0,1
109,1,0,1
110,1,0,1
111,1,0,1
112,1,0,1
113,1,0,1
114,1,0,1
115,1,0,1
116,1,0,1
117,1,0,1
118,1,0,1
119,1,0,1
120,1,0,1
121,1,0,1
122,1,0,1
123,1,0,1
124,1,0,1
125,1,0,1
126,1,0,1
127,1,0,1
128,1,0,1
129,1,0,1
130,1,0,1
131,1,0,1
132,1,0,1
133,1,0,1
134,1,0,1
135,1,0,1
136,1,0,1
137,1,0,1
138,1,0,1
139,1,0,1
140,1,0,1
141,1,0,1
142,1,0,1
143,1,0,1
144,1,0,1
145,1,0,1
146,1,0,1
147,1,0,1
148,1,0,1
149,1,0,1
150,1,0,1
151,1,0,1
152,1,0,1
153,1,0,1
154,1,0,1
155,1,0,1
156,1,0,1
157,1,0,1
158,1,0,1
159,1,0,1
160,1,0,1
161,1,0,1
162,1,0,1
163,1,0,1
164,1,0,1
165,1,0,1
166,1,0,1
167,1,0,1
168,1,0,1
169,1,0,1
170,1,0,1
171,1,0,1
172,1,0,1
173,1,0,1
174,1,0,1
175,1,0,1
176,1,0,1
177,1,0,1
178,1,0,1
179,1,0,1
180,1,0,1
181,1,0,1
182,1,0,1
183,1,0,1
184,1,0,1
185,1,0,1
186,1,0,1
187,1,0,1
188,1,0,1
189,1,0,1
190,1,0,1
191,1,0,1
192,1,0,1
193,1,0,1
194,1,0,1
195,1,0,1
196,1,0,1
197,1,0,1
198,1,0,1
199,1,0,1
200,1,0,1
201,1,0,1
202,1,0,1
203,1,0,1
204,1,0,1
205,1,0,1
206,1,0,1
207,1,0,1
208,1,0,1
209,1,0,1
210,1,0,1
211,1,0,1
212,1,0,1
213,1,0,1
214,1,0,1
215,1,0,1
216,1,0,1
217,1,0,1
218,1,0,1
219,1,0,1
220,1,0,1
221,1,0,1
222,1,0,1
223,1,0,1
224,1,0,1
225,1,0,1
226,1,0,1
227,1,0,1
228,1,0,1
229,1,0,1
230,1,0,1
231,1,0,1
232,1,0,1
233,1,0,1
234,1,0,1
235,1,0,1
236,1,0,1
237,1,0,1
238,1,0,1
239,1,0,1
240,1,0,1
241,1,0,1
242,1,0,1
243,1,0,1
244,1,0,1
245,1,0,1
246,1,0,1
247,1,0,1
248,1,0,1
249,1,0,1
250,1,0,1
251,1,0,1
252,1,0,1
253,1,0,1
254,1,0,1
255,1,0,1
256,1,0,1
257,1,0,1
258,1,0,1
259,1,0,1
260,1,0,1
261,1,0,1
262,1,0,1
263,1,0,1
264,1,0,1
265,1,0,1
266,1,0,1
267,1,0,1
268,1,0,1
269,1,0,1
270,1,0,1
271,1,0,1
272,1,0,1
273,1,0,1
274,1,0,1
275,1,0,1
276,1,0,1
277,1,0,1
278,1,0,1
279,1,0,1
280,1,0,1
281,1,0,1
282,1,0,1
283,1,0,1
284,1,0,1
285,1,0,1
286,1,0,1
287,1,0,1
288,1,0,1
289,1,0,1
290,1,0,1
291,1,0,1
292,1,0,1
293,1,0,1
294,1,0,1
295,1,0,1
296,1,0,1
297,1,0,1
298,1,0,1
299,1,0,1
300,1,0,1
301,1,0,1
302,1,0,1
303,1,0,1
304,1,0,1
305,1,0,1
306,1,0,1
307,1,0,1
308,1,0,1
309,1,0,1
310,1,0,1
311,1,0,1
312,1,0,1
313,1,0,1
314,1,0,1
315,1,0,1
316,1,0,1
317,1,0,1
318,1,0,1
319,1,0,1
320,1,0,1
321,1,0,1
322,1,0,1
323,1,0,1
324,1,0,1
325,1,0,1
326,1,0,1
327,1,0,1
328,1,0,1
329,1,0,1
330,1,0,1
331,1,0,1
332,1,0,1
333,1,0,1
334,1,0,1
335,1,0,1
336,1,0,1
337,1,0,1
338,1,0,1
339,1,0,1
340,1,0,1
341,1,0,1
342,1,0,1
343,1,0,1
344,1,0,1
345,1,0,1
346,1,0,1
347,1,0,1
348,1,0,1
349,1,0,1
350,1,0,1
351,1,0,1
352,1,0,1
353,1,0,1
354,1,0,1
355,1,0,1
356,1,0,1
357,1,0,1
358,1,0,1
359,1,0,1
360,1,0,1
361,1,0,1
362,1,0,1
363,1,0,1
364,1,0,1
365,1,0,1
366,1,0,1
367,1,0,1
368,1,0,1
369,1,0,1
370,1,0,1
371,1,0,1
372,1,0,1
373,1,0,1
374,1,0,1
375,1,0,1
376,1,0,1
377,1,0,1
378,1,0,1
379,1,0,1
380,1,0,1
381,1,0,1
382,1,0,1
383,1,0,1
384,1,0,1
385,1,0,1
386,1,0,1
387,1,0,1
388,1,0,1
389,1,0,1
390,1,0,1
391,1,0,1
392,1,0,1
393,1,0,1
394,1,0,1
395,1,0,1
396,1,0,1
397,1,0,1
398,1,0,1
399,1,0,1
400,1,0,1
401,1,0,1
402,1,0,1
403,1,0,1
404,1,0,1
405,1,0,1
406,1,0,1
407,1,0,1
408,1,0,1
409,1,0,1
410,1,0,1
411,1,0,1
412,1,0,1
413,1,0,1
414,1,0,1
415,1,0,1
416,1,0,1
417,1,0,1
418,1,0,1
419,1,0,1
420,1,0,1
421,1,0,1
422,1,0,1
423,1,0,1
424,1,0,1
425,1,0,1
426,1,0,1
427,1,0,1
428,1,0,1
429,1,0,1
430,1,0,1
431,1,0,1
432,1,0,1
433,1,0,1
434,1,0,1
435,1,0,1
436,1,0,1
437,1,0,1
438,1,0,1
439,1,0,1
440,1,0,1
441,1,0,1
442,1,0,1
443,1,0,1
444,1,0,1
445,1,0,1
446,1,0,1
447,1,0,1
448,1,0,1
449,1,0,1
450,1,0,1
451,1,0,1
452,1,0,1
453,1,0,1
454,1,0,1
455,1,0,1
456,1,0,1
457,1,0,1
458,1,0,1
459,1,0,1
460,1,0,1
461,1,0,1
462,1,0,1
463,1,0,1
464,1,0,1
465,1,0,1
466,1,0,1
467,1,0,1
468,1,0,1
469,1,0,1
470,1,0,1
471,1,0,1
472,1,0,1
473,1,0,1
474,1,0,1
475,1,0,1
476,1,0,1
477,1,0,1
478,1,0,1
479,1,0,1
480,1,0,1
481,1,0,1
482,1,0,1
483,1,0,1
484,1,0,1
485,1,0,1
486,1,0,1
487,1,0,1
488,1,0,1
489,1,0,1
490,1,0,1
491,1,0,1
492,1,0,1
493,1,0,1
494,1,0,1
495,1,0,1
496,1,0,1
497,1,0,1
498,1,0,1
499,1,0,1
500,1,0,1
501,1,0,1
502,1,0,1
503,1,0,1
504,1,0,1
505,1,0,1
506,1,0,1
507,1,0,1
508,1,0,1
509,1,0,1
510,1,0,1
511,1,0,1
512,1,0,1
513,1,0,1
514,1,0,1
515,1,0,1
516,1,0,1
517,1,0,1
518,1,0,1
519,1,0,1
520,1,0,1
521,1,0,1
522,1,0,1
523,1,0,1
524,1,0,1
525,1,0,1
526,1,0,1
527,1,0,1
528,1,0,1
529,1,0,1
530,1,0,1
531,1,0,1
532,1,0,1
533,1,0,1
534,1,0,1
535,1,0,1
536,1,0,1
537,1,0,1
538,1,0,1
539,1,0,1
540,1,0,1
541,1,0,1
542,1,0,1
543,1,0,1
544,1,0,1
545,1,0,1
546,1,0,1
547,1,0,1
548,1,0,1
549,1,0,1
550,1,0,1
551,1,0,1
552,1,0,1
553,1,0,1
554,1,0,1
555,1,0,1
556,1,0,1
557,1,0,1
558,1,0,1
559,1,0,1
560,1,0,1
561,1,0,1
562,1,0,1
563,1,0,1
564,1,0,1
565,1,0,1
566,1,0,1
567,1,0,1
568,1,0,1
569,1,0,1
570,1,0,1
571,1,0,1
572,1,0,1
573,1,0,1
574,1,0,1
575,1,0,1
576,1,0,1
577,1,0,1
578,1,0,1
579,1,0,1
580,1,0,1
581,1,0,1
582,1,0,1
583,1,0,1
584,1,0,1
585,1,0,1
586,1,0,1
587,1,0,1
588,1,0,1
589,1,0,1
590,1,0,1
591,1,0,1
592,1,0,1
593,1,0,1
594,1,0,1
595,1,0,1
596,1,0,1
597,1,0,1
598,1,0,1
599,1,0,1
600,1,0,1
601,1,0,1
602,1,0,1
603,1,0,1
604,1,0,1
605,1,0,1
606,1,0,1
607,1,0,1
608,1,0,1
609,1,0,1
610,1,0,1
611,1,0,1
612,1,0,1
613,1,0,1
614,1,0,1
615,1,0,1
616,1,0,1
617,1,0,1
618,1,0,1
619,1,0,1
620,1,0,1
621,1,0,1
622,1,0,1
623,1,0,1
624,1,0,1
625,1,0,1
626,1,0,1
627,1,0,1
628,1,0,1
629,1,0,1
630,1,0,1
631,1,0,1
632,1,0,1
633,1,0,1
634,1,0,1
635,1,0,1
636,1,0,1
637,1,0,1
638,1,0,1
639,1,0,1
640,1,0,1
641,1,0,1
642,1,0,1
643,1,0,1
644,1,0,1
645,1,0,1
646,1,0,1
647,1,0,1
648,1,0,1
649,1,0,1
650,1,0,1
651,1,0,1
652,1,0,1
653,1,0,1
654,1,0,1
655,1,0,1
656,1,0,1
657,1,0,1
658,1,0,1
659,1,0,1
660,1,0,1
661,1,0,1
662,1,0,1
663,1,0,1
664,1,0,1
665,1,0,1
666,1,0,1
667,1,0,1
668,1,0,1
669,1,0,1
670,1,0,1
671,1,0,1
672,1,0,1
673,1,0,1
674,1,0,1
675,1,0,1
676,1,0,1
677,1,0,1
678,1,0,1
679,1,0,1
680,1,0,1
681,1,0,1
682,1,0,1
683,1,0,1
684,1,0,1
685,1,0,1
686,1,0,1
687,1,0,1
688,1,0,1
689,1,0,1
690,1,0,1
691,1,0,1
692,1,0,1
693,1,0,1
694,1,0,1
695,1,0,1
696,1,0,1
697,1,0,1
698,1,0,1
699,1,0,1
700,1,0,1
701,1,0,1
702,1,0,1
703,1,0,1
704,1,0,1
705,1,0,1
706,1,0,1
707,1,0,1
708,1,0,1
709,1,0,1
710,1,0,1
711,1,0,1
712,1,0,1
713,1,0,1
714,1,0,1
715,1,0,1
716,1,0,1
717,1,0,1
718,1,0,1
719,1,0,1
720,1,0,1
721,1,0,1
722,1,0,1
723,1,0,1
724,1,0,1
725,1,0,1
726,1,0,1
727,1,0,1
728,1,0,1
729,1,0,1
730,1,0,1
731,1,0,1
732,1,0,1
733,1,0,1
734,1,0,1
735,1,0,1
736,1,0,1
737,1,0,1
738,1,0,1
739,1,0,1
740,1,0,1
741,1,0,1
742,1,0,1
743,1,0,1
744,1,0,1
745,1,0,1
746,1,0,1
747,1,0,1
748,1,0,1
749,1,0,1
750,1,0,1
751,1,0,1
752,1,0,1
753,1,0,1
754,1,0,1
755,1,0,1
756,1,0,1
757,1,0,1
758,1,0,1
759,1,0,1
760,1,0,1
761,1,0,1
762,1,0,1
763,1,0,1
764,1,0,1
765,1,0,1
766,1,0,1
767,1,0,1
768,1,0,1
769,1,0,1
770,1,0,1
771,1,0,1
772,1,0,1
773,1,0,1
774,1,0,1
775,1,0,1
776,1,0,1
777,1,0,1
778,1,0,1
779,1,0,1
780,1,0,1
781,1,0,1
782,1,0,1
783,1,0,1
784,1,0,1
785,1,0,1
786,1,0,1
787,1,0,1
788,1,0,1
789,1,0,1
790,1,0,1
791,1,0,1
792,1,0,1
793,1,0,1
794,1,0,1
795,1,0,1
796,1,0,1
797,1,0,1
798,1,0,1
799,1,0,1
800,1,0,1
801,1,0,1
802,1,0,1
803,1,0,1
804,1,0,1
805,1,0,1
806,1,0,1
807,1,0,1
808,1,0,1
809,1,0,1
810,1,0,1
811,1,0,1
812,1,0,1
813,1,0,1
814,1,0,1
815,1,0,1
816,1,0,1
817,1,0,1
818,1,0,1
819,1,0,1
820,1,0,1
821,1,0,1
822,1,0,1
823,1,0,1
824,1,0,1
825,1,0,1
826,1,0,1
827,1,0,1
828,1,0,1
829,1,0,1
830,1,0,1
831,1,0,1
832,1,0,1
833,1,0,1
834,1,0,1
835,1,0,1
836,1,0,1
837,1,0,1
838,1,0,1
839,1,0,1
840,1,0,1
841,1,0,1
842,1,0,1
843,1,0,1
844,1,0,1
845,1,0,1
846,1,0,1
847,1,0,1
848,1,0,1
849,1,0,1
850,1,0,1
851,1,0,1
852,1,0,1
853,1,0,1
854,1,0,1
855,1,0,1
856,1,0,1
857,1,0,1
858,1,0,1
859,1,0,1
860,1,0,1
861,1,0,1
862,1,0,1
863,1,0,1
864,1,0,1
865,1,0,1
866,1,0,1
867,1,0,1
868,1,0,1
869,1,0,1
870,1,0,1
871,1,0,1
872,1,0,1
873,1,0,1
874,1,0,1
875,1,0,1
876,1,0,1
877,1,0,1
878,1,0,1
879,1,0,1
880,1,0,1
881,1,0,1
882,1,0,1
883,1,0,1
884,1,0,1
885,1,0,1
886,1,0,1
887,1,0,1
888,1,0,1
889,1,0,1
890,1,0,1
891,1,0,1
892,1,0,1
893,1,0,1
894,1,0,1
895,1,0,1
896,1,0,1
897,1,0,1
898,1,0,1
899,1,0,1
900,1,0,1
901,1,0,1
902,1,0,1
903,1,0,1
904,1,0,1
905,1,0,1
906,1,0,1
907,1,0,1
908,1,0,1
909,1,0,1
910,1,0,1
911,1,0,1
912,1,0,1
913,1,0,1
914,1,0,1
915,1,0,1
916,1,0,1
917,1,0,1
918,1,0,1
919,1,0,1
920,1,0,1
921,1,0,1
922,1,0,1
923,1,0,1
924,1,0,1
925,1,0,1
926,1,0,1
927,1,0,1
928,1,0,1
929,1,0,1
930,1,0,1
931,1,0,1
932,1,0,1
933,1,0,1
934,1,0,1
935,1,0,1
936,1,0,1
937,1,0,1
938,1,0,1
939,1,0,1
940,1,0,1
941,1,0,1
942,1,0,1
943,1,0,1
944,1,0,1
945,1,0,1
946,1,0,1
947,1,0,1
948,1,0,1
949,1,0,1
950,1,0,1
951,1,0,1
952,1,0,1
953,1,0,1
954,1,0,1
955,1,0,1
956,1,0,1
957,1,0,1
958,1,0,1
959,1,0,1
960,1,0,1
961,1,0,1
962,1,0,1
963,1,0,1
964,1,0,1
965,1,0,1
966,1,0,1
967,1,0,1
968,1,0,1
969,1,0,1
970,1,0,1
971,1,0,1
972,1,0,1
973,1,0,1
974,1,0,1
975,1,0,1
976,1,0,1
977,1,0,1
978,1,0,1
979,1,0,1
980,1,0,1
981,1,0,1
982,1,0,1
983,1,0,1
984,1,0,1
985,1,0,1
986,1,0,1
987,1,0,1
988,1,0,1
989,1,0,1
990,1,0,1
991,1,0,1
992,1,0,1
993,1,0,1
994,1,0,1
995,1,0,1
996,1,0,1
997,1,0,1
998,1,0,1
999,1,0,1
1000,1,0,1
1001,1,0,1
1002,1,0,1
1003,1,0,1
1004,1,0,1
1005,1,0,1
1006,1,0,1
1007,1,0,1
1008,1,0,1
1009,1,0,1
1010,1,0,1
1011,1,0,1
1012,1,0,1
1013,1,0,1
1014,1,0,1
1015,1,0,1
1016,1,0,1
1017,1,0,1
1018,1,0,1
1019,1,0,1
1020,1,0,1
1021,1,0,1
1022,1,0,1
1023,1,0,1
1024,1,0,1
1025,1,0,1
1026,1,0,1
1027,1,0,1
1028,1,0,1
1029,1,0,1
1030,1,0,1
1031,1,0,1
1032,1,0,1
1033,1,0,1
1034,1,0,1
1035,1,0,1
1036,1,0,1
1037,1,0,1
1038,1,0,1
1039,1,0,1
1040,1,0,1
1041,1,0,1
1042,1,0,1
1043,1,0,1
1044,1,0,1
1045,1,0,1
1046,1,0,1
1047,1,0,1
1048,1,0,1
1049,1,0,1
1050,1,0,1
1051,1,0,1
1052,1,0,1
1053,1,0,1
1054,1,0,1
1055,1,0,1
1056,1,0,1
1057,1,0,1
1058,1,0,1
1059,1,0,1
1060,1,0,1
1061,1,0,1
1062,1,0,1
1063,1,0,1
1064,1,0,1
1065,1,0,1
1066,1,0,1
1067,1,0,1
1068,1,0,1
1069,1,0,1
1070,1,0,1
1071,1,0,1
1072,1,0,1
1073,1,0,1
1074,1,0,1
1075,1,0,1
1076,1,0,1
1077,1,0,1
1078,1,0,1
1079,1,0,1
1080,1,0,1
1081,1,0,1
1082,1,0,1
1083,1,0,1
1084,1,0,1
1085,1,0,1
1086,1,0,1
1087,1,0,1
1088,1,0,1
1089,1,0,1
1090,1,0,1
1091,1,0,1
1092,1,0,1
1093,1,0,1
1094,1,0,1
1095,1,0,1
1096,1,0,1
1097,1,0,1
1098,1,0,1
1099,1,0,1
1100,1,0,1
1101,1,0,1
1102,1,0,1
1103,1,0,1
1104,1,0,1
1105,1,0,1
1106,1,0,1
1107,1,0,1
1108,1,0,1
1109,1,0,1
1110,1,0,1
1111,1,0,1
1112,1,0,1
1113,1,0,1
1114,1,0,1
1115,1,0,1
1116,1,0,1
1117,1,0,1
1118,1,0,1
1119,1,0,1
1120,1,0,1
1121,1,0,1
1122,1,0,1
1123,1,0,1
1124,1,0,1
1125,1,0,1
1126,1,0,1
1127,1,0,1
1128,1,0,1
1129,1,0,1
1130,1,0,1
1131,1,0,1
1132,1,0,1
1133,1,0,1
1134,1,0,1
1135,1,0,1
1136,1,0,1
1137,1,0,1
1138,1,0,1
1139,1,0,1
1140,1,0,1
1141,1,0,1
1142,1,0,1
1143,1,0,1
1144,1,0,1
1145,1,0,1
1146,1,0,1
1147,1,0,1
1148,1,0,1
1149,1,0,1
1150,1,0,1
1151,1,0,1
1152,1,0,1
1153,1,0,1
1154,1,0,1
1155,1,0,1
1156,1,0,1
1157,1,0,1
1158,1,0,1
1159,1,0,1
1160,1,0,1
1161,1,0,1
1162,1,0,1
1163,1,0,1
1164,1,0,1
1165,1,0,1
1166,1,0,1
1167,1,0,1
1168,1,0,1
1169,1,0,1
1170,1,0,1
1171,1,0,1
1172,1,0,1
1173,1,0,1
1174,1,0,1
1175,1,0,1
1176,1,0,1
1177,1,0,1
1178,1,0,1
1179,1,0,1
1180,1,0,1
1181,1,0,1
1182,1,0,1
1183,1,0,1
1184,1,0,1
1185,1,0,1
1186,1,0,1
1187,1,0,1
1188,1,0,1
1189,1,0,1
1190,1,0,1
1191,1,0,1
1192,1,0,1
1193,1,0,1
1194,1,0,1
1195,1,0,1
1196,1,0,1
1197,1,0,1
1198,1,0,1
1199,1,0,1
1200,1,0,1
1201,1,0,1
1202,1,0,1
1203,1,0,1
1204,1,0,1
1205,1,0,1
1206,1,0,1
1207,1,0,1
1208,1,0,1
1209,1,0,1
1210,1,0,1
1211,1,0,1
1212,1,0,1
1213,1,0,1
1214,1,0,1
1215,1,0,1
1216,1,0,1
1217,1,0,1
1218,1,0,1
1219,1,0,1
1220,1,0,1
1221,1,0,1
1222,1,0,1
1223,1,0,1
1224,1,0,1
1225,1,0,1
1226,1,0,1
1227,1,0,1
1228,1,0,1
1229,1,0,1
1230,1,0,1
1231,1,0,1
1232,1,0,1
1233,1,0,1
1234,1,0,1
1235,1,0,1
1236,1,0,1
1237,1,0,1
1238,1,0,1
1239,1,0,1
1240,1,0,1
1241,1,0,1
1242,1,0,1
1243,1,0,1
1244,1,0,1
1245,1,0,1
1246,1,0,1
1247,1,0,1
1248,1,0,1
1249,2,4,2
1250,2,4,2
1251,2,4,2
1252,2,4,2
1253,2,4,2
1254,2,4,2
1255,2,4,2
1256,2,4,2
1257,2,4,2
1258,2,4,2
1259,2,4,2
1260,2,4,2
1261,2,4,2
1262,2,4,2
1263,2,4,2
1264,2,4,2
1265,2,4,2
1266,2,4,2
1267,2,4,2
1268,2,4,2
1269,2,4,2
1270,2,4,2
1271,2,4,2
1272,2,4,2
1273,2,4,2
1274,2,4,2
1275,2,4,2
1276,2,4,2
1277,2,4,2
1278,2,4,2
1279,2,4,2
1280,2,4,2
1281,2,4,2
1282,2,4,2
1283,2,4,2
1284,2,4,2
1285,2,4,2
1286,2,4,2
1287,2,4,2
1288,2,4,2
1289,2,4,2
1290,2,4,2
1291,2,4,2
1292,2,4,2
1293,2,4,2
1294,2,4,2
1295,2,4,2
1296,2,4,2
1297,2,4,2
1298,2,4,2
1299,2,4,2
1300,2,4,2
1301,2,4,2
1302,2,4,2
1303,2,4,2
1304,2,4,2
1305,2,4,2
1306,2,4,2
1307,2,4,2
1308,2,4,2
1309,2,4,2
1310,2,4,2
1311,2,4,2
1312,2,4,2
1313,2,4,2
1314,2,4,2
1315,2,4,2
1316,2,4,2
1317,2,4,2
1318,2,4,2
1319,2,4,2
1320,2,4,2
1321,2,4,2
1322,2,4,2
1323,2,4,2
1324,2,4,2
1325,2,4,2
1326,2,4,2
1327,2,4,2
1328,2,4,2
1329,2,4,2
1330,2,4,2
1331,2,4,2
1332,2,4,2
1333,2,4,2
1334,2,4,2
1335,2,4,2
1336,2,4,2
1337,2,4,2
1338,2,4,2
1339,2,4,2
1340,2,4,2
1341,2,4,2
1342,2,4,2
1343,2,4,2
1344,2,4,2
1345,2,4,2
1346,2,4,2
1347,2,4,2
1348,2,4,2
1349,2,4,2
1350,2,4,2
1351,2,4,2
1352,2,4,2
1353,2,4,2
1354,2,4,2
1355,2,4,2
1356,2,4,2
1357,2,4,2
1358,2,4,2
1359,2,4,2
1360,2,4,2
1361,2,4,2
1362,2,4,2
1363,2,4,2
1364,2,4,2
1365,2,4,2
1366,2,4,2
1367,2,4,2
1368,2,4,2
1369,2,4,2
1370,2,4,2
1371,2,4,2
1372,2,4,2
1373,2,4,2
1374,2,4,2
1375,2,4,2
1376,2,4,2
1377,2,4,2
1378,2,4,2
1379,2,4,2
1380,2,4,2
1381,2,4,2
1382,2,4,2
1383,2,4,2
1384,2,4,2
1385,2,4,2
1386,2,4,2
1387,2,4,2
1388,2,4,2
1389,2,4,2
1390,2,4,2
1391,2,4,2
1392,2,4,2
1393,2,4,2
1394,2,4,2
1395,2,4,2
1396,2,4,2
1397,2,4,2
1398,2,4,2
1399,2,4,2
1400,2,4,2
1401,2,4,2
1402,2,4,2
1403,2,4,2
1404,2,4,2
1405,2,4,2
1406,2,4,2
1407,2,4,2
1408,2,4,2
1409,2,4,2
1410,2,4,2
1411,2,4,2
1412,2,4,2
1413,2,4,2
1414,2,4,2
1415,2,4,2
1416,2,4,2
1417,2,4,2
1418,2,4,2
1419,2,4,2
1420,2,4,2
1421,2,4,2
1422,2,4,2
1423,2,4,2
1424,2,4,2
1425,2,4,2
1426,2,4,2
1427,2,4,2
1428,2,4,2
1429,2,4,2
1430,2,4,2
1431,2,4,2
1432,2,4,2
1433,2,4,2
1434,2,4,2
1435,2,4,2
1436,2,4,2
1437,2,4,2
1438,2,4,2
1439,2,4,2
1440,2,4,2
1441,2,4,2
1442,2,4,2
1443,2,4,2
1444,2,4,2
1445,2,4,2
1446,2,4,2
1447,2,4,2
1448,2,4,2
1449,2,4,2
1450,2,4,2
1451,2,4,2
1452,2,4,2
1453,2,4,2
1454,2,4,2
1455,2,4,2
1456,2,4,2
1457,2,4,2
1458,2,4,2
1459,2,4,2
1460,2,4,2
1461,2,4,2
1462,2,4,2
1463,2,4,2
1464,2,4,2
1465,2,4,2
1466,2,4,2
1467,2,4,2
1468,2,4,2
1469,2,4,2
1470,2,4,2
1471,2,4,2
1472,2,4,2
1473,2,4,2
1474,2,4,2
1475,2,4,2
1476,2,4,2
1477,2,4,2
1478,2,4,2
1479,2,4,2
1480,2,4,2
1481,2,4,2
1482,2,4,2
1483,2,4,2
1484,2,4,2
1485,2,4,2
1486,2,4,2
1487,2,4,2
1488,2,4,2
1489,2,4,2
1490,2,4,2
1491,2,4,2
1492,2,4,2
1493,2,4,2
1494,2,4,2
1495,2,4,2
1496,2,4,2
1497,2,4,2
1498,2,4,2
1499,2,4,2
1500,2,4,2
1501,2,4,2
1502,2,4,2
1503,2,4,2
1504,2,4,2
1505,2,4,2
1506,2,4,2
1507,2,4,2
1508,2,4,2
1509,2,4,2
1510,2,4,2
1511,2,4,2
1512,2,4,2
1513,2,4,2
1514,2,4,2
1515,2,4,2
1516,2,4,2
1517,2,4,2
1518,2,4,2
1519,2,4,2
1520,2,4,2
1521,2,4,2
1522,2,4,2
1523,2,4,2
1524,2,4,2
1525,2,4,2
1526,2,4,2
1527,2,4,2
1528,2,4,2
1529,2,4,2
1530,2,4,2
1531,2,4,2
1532,2,4,2
1533,2,4,2
1534,2,4,2
1535,2,4,2
1536,2,4,2
1537,2,4,2
1538,2,4,2
1539,2,4,2
1540,2,4,2
1541,2,4,2
1542,2,4,2
1543,2,4,2
1544,2,4,2
1545,2,4,2
1546,2,4,2
1547,2,4,2
1548,2,4,2
1549,2,4,2
1550,2,4,2
1551,2,4,2
1552,2,4,2
1553,2,4,2
1554,2,4,2
1555,2,4,2
1556,2,4,2
1557,2,4,2
1558,2,4,2
1559,2,4,2
1560,2,4,2
1561,2,4,2
1562,2,4,2
1563,2,4,2
1564,2,4,2
1565,2,4,2
1566,2,4,2
1567,2,4,2
1568,2,4,2
1569,2,4,2
1570,2,4,2
1571,2,4,2
1572,2,4,2
1573,2,4,2
1574,2,4,2
1575,2,4,2
1576,2,4,2
1577,2,4,2
1578,2,4,2
1579,2,4,2
1580,2,4,2
1581,2,4,2
1582,2,4,2
1583,2,4,2
1584,2,4,2
1585,2,4,2
1586,2,4,2
1587,2,4,2
1588,2,4,2
1589,2,4,2
1590,2,4,2
1591,2,4,2
1592,2,4,2
1593,2,4,2
1594,2,4,2
1595,2,4,2
1596,2,4,2
1597,2,4,2
1598,2,4,2
1599,2,4,2
1600,2,4,2
1601,2,4,2
1602,2,4,2
1603,2,4,2
1604,2,4,2
1605,2,4,2
1606,2,4,2
1607,2,4,2
1608,2,4,2
1609,2,4,2
1610,2,4,2
1611,2,4,2
1612,2,4,2
1613,2,4,2
1614,2,4,2
1615,2,4,2
1616,2,4,2
1617,2,4,2
1618,2,4,2
1619,2,4,2
1620,2,4,2
1621,2,4,2
1622,2,4,2
1623,2,4,2
1624,2,4,2
1625,2,4,2
1626,2,4,2
1627,2,4,2
1628,2,4,2
1629,2,4,2
1630,2,4,2
1631,2,4,2
1632,2,4,2
1633,2,4,2
1634,2,4,2
1635,2,4,2
1636,2,4,2
1637,2,4,2
1638,2,4,2
1639,2,4,2
1640,2,4,2
1641,2,4,2
1642,2,4,2
1643,2,4,2
1644,2,4,2
1645,2,4,2
1646,2,4,2
1647,2,4,2
1648,2,4,2
1649,2,4,2
1650,2,4,2
1651,2,4,2
1652,2,4,2
1653,2,4,2
1654,2,4,2
1655,2,4,2
1656,2,4,2
1657,2,4,2
1658,2,4,2
1659,2,4,2
1660,2,4,2
1661,2,4,2
1662,2,4,2
1663,2,4,2
1664,2,4,2
1665,2,4,2
1666,2,4,2
1667,2,4,2
1668,2,4,2
1669,2,4,2
1670,2,4,2
1671,2,4,2
1672,2,4,2
1673,2,4,2
1674,2,4,2
1675,2,4,2
1676,2,4,2
1677,2,4,2
1678,2,4,2
1679,2,4,2
1680,2,4,2
1681,2,4,2
1682,2,4,2
1683,2,4,2
1684,2,4,2
1685,2,4,2
1686,2,4,2
1687,2,4,2
1688,2,4,2
1689,2,4,2
1690,2,4,2
1691,2,4,2
1692,2,4,2
1693,2,4,2
1694,2,4,2
1695,2,4,2
1696,2,4,2
1697,2,4,2
1698,2,4,2
1699,2,4,2
1700,2,4,2
1701,2,4,2
1702,2,4,2
1703,2,4,2
1704,2,4,2
1705,2,4,2
1706,2,4,2
1707,2,4,2
1708,2,4,2
1709,2,4,2
1710,2,4,2
1711,2,4,2
1712,2,4,2
1713,2,4,2
1714,2,4,2
1715,2,4,2
1716,2,4,2
1717,2,4,2
1718,2,4,2
1719,2,4,2
1720,2,4,2
1721,2,4,2
1722,2,4,2
1723,2,4,2
1724,2,4,2
1725,2,4,2
1726,2,4,2
1727,2,4,2
1728,2,4,2
1729,2,4,2
1730,2,4,2
1731,2,4,2
1732,2,4,2
1733,2,4,2
1734,2,4,2
1735,2,4,2
1736,2,4,2
1737,2,4,2
1738,2,4,2
1739,2,4,2
1740,2,4,2
1741,2,4,2
1742,2,4,2
1743,2,4,2
1744,2,4,2
1745,2,4,2
1746,2,4,2
1747,2,4,2
1748,2,4,2
1749,2,4,2
1750,2,4,2
1751,2,4,2
1752,2,4,2
1753,2,4,2
1754,2,4,2
1755,2,4,2
1756,2,4,2
1757,2,4,2
1758,2,4,2
1759,2,4,2
1760,2,4,2
1761,2,4,2
1762,2,4,2
1763,2,4,2
1764,2,4,2
1765,2,4,2
1766,2,4,2
1767,2,4,2
1768,2,4,2
1769,2,4,2
1770,2,4,2
1771,2,4,2
1772,2,4,2
1773,2,4,2
1774,2,4,2
1775,2,4,2
1776,2,4,2
1777,2,4,2
1778,2,4,2
1779,2,4,2
1780,2,4,2
1781,2,4,2
1782,2,4,2
1783,2,4,2
1784,2,4,2
1785,2,4,2
1786,2,4,2
1787,2,4,2
1788,2,4,2
1789,2,4,2
1790,2,4,2
1791,2,4,2
1792,2,4,2
1793,2,4,2
1794,2,4,2
1795,2,4,2
1796,2,4,2
1797,2,4,2
1798,2,4,2
1799,2,4,2
1800,2,4,2
1801,2,4,2
1802,2,4,2
1803,2,4,2
1804,2,4,2
1805,2,4,2
1806,2,4,2
1807,2,4,2
1808,2,4,2
1809,2,4,2
1810,2,4,2
1811,2,4,2
1812,2,4,2
1813,2,4,2
1814,2,4,2
1815,2,4,2
1816,2,4,2
1817,2,4,2
1818,2,4,2
1819,2,4,2
1820,2,4,2
1821,2,4,2
1822,2,4,2
1823,2,4,2
1824,2,4,2
1825,2,4,2
1826,2,4,2
1827,2,4,2
1828,2,4,2
1829,2,4,2
1830,2,4,2
1831,2,4,2
1832,2,4,2
1833,2,4,2
1834,2,4,2
1835,2,4,2
1836,2,4,2
1837,2,4,2
1838,2,4,2
1839,2,4,2
1840,2,4,2
1841,2,4,2
1842,2,4,2
1843,2,4,2
1844,2,4,2
1845,2,4,2
1846,2,4,2
1847,2,4,2
1848,2,4,2
1849,2,4,2
1850,2,4,2
1851,2,4,2
1852,2,4,2
1853,2,4,2
1854,2,4,2
1855,2,4,2
1856,2,4,2
1857,2,4,2
1858,2,4,2
1859,2,4,2
1860,2,4,2
1861,2,4,2
1862,2,4,2
1863,2,4,2
1864,2,4,2
1865,2,4,2
1866,2,4,2
1867,2,4,2
1868,2,4,2
1869,2,4,2
1870,2,4,2
1871,2,4,2
1872,2,4,2
1873,2,4,2
1874,2,4,2
1875,2,4,2
1876,2,4,2
1877,2,4,2
1878,2,4,2
1879,2,4,2
1880,2,4,2
1881,2,4,2
1882,2,4,2
1883,2,4,2
1884,2,4,2
1885,2,4,2
1886,2,4,2
1887,2,4,2
1888,2,4,2
1889,2,4,2
1890,2,4,2
1891,2,4,2
1892,2,4,2
1893,2,4,2
1894,2,4,2
1895,2,4,2
1896,2,4,2
1897,2,4,2
1898,2,4,2
1899,2,4,2
1900,2,4,2
1901,2,4,2
1902,2,4,2
1903,2,4,2
1904,2,4,2
1905,2,4,2
1906,2,4,2
1907,2,4,2
1908,2,4,2
1909,2,4,2
1910,2,4,2
1911,2,4,2
1912,2,4,2
1913,2,4,2
1914,2,4,2
1915,2,4,2
1916,2,4,2
1917,2,4,2
1918,2,4,2
1919,2,4,2
1920,2,4,2
1921,2,4,2
1922,2,4,2
1923,2,4,2
1924,2,4,2
1925,2,4,2
1926,2,4,2
1927,2,4,2
1928,2,4,2
1929,2,4,2
1930,2,4,2
1931,2,4,2
1932,2,4,2
1933,2,4,2
1934,2,4,2
1935,2,4,2
1936,2,4,2
1937,2,4,2
1938,2,4,2
1939,2,4,2
1940,2,4,2
1941,2,4,2
1942,2,4,2
1943,2,4,2
1944,2,4,2
1945,2,4,2
1946,2,4,2
1947,2,4,2
1948,2,4,2
1949,2,4,2
1950,2,4,2
1951,2,4,2
1952,2,4,2
1953,2,4,2
1954,2,4,2
1955,2,4,2
1956,2,4,2
1957,2,4,2
1958,2,4,2
1959,2,4,2
1960,2,4,2
1961,2,4,2
1962,2,4,2
1963,2,4,2
1964,2,4,2
1965,2,4,2
1966,2,4,2
1967,2,4,2
1968,2,4,2
1969,2,4,2
1970,2,4,2
1971,2,4,2
1972,2,4,2
1973,2,4,2
1974,2,4,2
1975,2,4,2
1976,2,4,2
1977,2,4,2
1978,2,4,2
1979,2,4,2
1980,2,4,2
1981,2,4,2
1982,2,4,2
1983,2,4,2
1984,2,4,2
1985,2,4,2
1986,2,4,2
1987,2,4,2
1988,2,4,2
1989,2,4,2
1990,2,4,2
1991,2,4,2
1992,2,4,2
1993,2,4,2
1994,2,4,2
1995,2,4,2
1996,2,4,2
1997,2,4,2
1998,2,4,2
1999,2,4,2
2000,2,4,2
2001,2,4,2
2002,2,4,2
2003,2,4,2
2004,2,4,2
2005,2,4,2
2006,2,4,2
2007,2,4,2
2008,2,4,2
2009,2,4,2
2010,2,4,2
2011,2,4,2
2012,2,4,2
2013,2,4,2
2014,2,4,2
2015,2,4,2
2016,2,4,2
2017,2,4,2
2018,2,4,2
2019,2,4,2
2020,2,4,2
2021,2,4,2
2022,2,4,2
2023,2,4,2
2024,2,4,2
2025,2,4,2
2026,2,4,2
2027,2,4,2
2028,2,4,2
2029,2,4,2
2030,2,4,2
2031,2,4,2
2032,2,4,2
2033,2,4,2
2034,2,4,2
2035,2,4,2
2036,2,4,2
2037,2,4,2
2038,2,4,2
2039,2,4,2
2040,2,4,2
2041,2,4,2
2042,2,4,2
2043,2,4,2
2044,2,4,2
2045,2,4,2
2046,2,4,2
2047,2,4,2
2048,2,4,2
2049,2,4,2
2050,2,4,2
2051,2,4,2
2052,2,4,2
2053,2,4,2
2054,2,4,2
2055,2,4,2
2056,2,4,2
2057,2,4,2
2058,2,4,2
2059,2,4,2
2060,2,4,2
2061,2,4,2
2062,2,4,2
2063,2,4,2
2064,2,4,2
2065,2,4,2
2066,2,4,2
2067,2,4,2
2068,2,4,2
2069,2,4,2
2070,2,4,2
2071,2,4,2
2072,2,4,2
2073,2,4,2
2074,2,4,2
2075,2,4,2
2076,2,4,2
2077,2,4,2
2078,2,4,2
2079,2,4,2
2080,2,4,2
2081,2,4,2
2082,2,4,2
2083,2,4,2
2084,2,4,2
2085,2,4,2
2086,2,4,2
2087,2,4,2
2088,2,4,2
2089,2,4,2
2090,2,4,2
2091,2,4,2
2092,2,4,2
2093,2,4,2
2094,2,4,2
2095,2,4,2
2096,2,4,2
2097,2,4,2
2098,2,4,2
2099,2,4,2
2100,2,4,2
2101,2,4,2
2102,2,4,2
2103,2,4,2
2104,2,4,2
2105,2,4,2
2106,2,4,2
2107,2,4,2
2108,2,4,2
2109,2,4,2
2110,2,4,2
2111,2,4,2
2112,2,4,2
2113,2,4,2
2114,2,4,2
2115,2,4,2
2116,2,4,2
2117,2,4,2
2118,2,4,2
2119,2,4,2
2120,2,4,2
2121,2,4,2
2122,2,4,2
2123,2,4,2
2124,2,4,2
2125,2,4,2
2126,2,4,2
2127,2,4,2
2128,2,4,2
2129,2,4,2
2130,2,4,2
2131,2,4,2
2132,2,4,2
2133,2,4,2
2134,2,4,2
2135,2,4,2
2136,2,4,2
2137,2,4,2
2138,2,4,2
2139,2,4,2
2140,2,4,2
2141,2,4,2
2142,2,4,2
2143,2,4,2
2144,2,4,2
2145,2,4,2
2146,2,4,2
2147,2,4,2
2148,2,4,2
2149,2,4,2
2150,2,4,2
2151,2,4,2
2152,2,4,2
2153,2,4,2
2154,2,4,2
2155,2,4,2
2156,2,4,2
2157,2,4,2
2158,2,4,2
2159,2,4,2
2160,2,4,2
2161,2,4,2
2162,2,4,2
2163,2,4,2
2164,2,4,2
2165,2,4,2
2166,2,4,2
2167,2,4,2
2168,2,4,2
2169,2,4,2
2170,2,4,2
2171,2,4,2
2172,2,4,2
2173,2,4,2
2174,2,4,2
2175,2,4,2
2176,2,4,2
2177,2,4,2
2178,2,4,2
2179,2,4,2
2180,2,4,2
2181,2,4,2
2182,2,4,2
2183,2,4,2
2184,2,4,2
2185,2,4,2
2186,2,4,2
2187,2,4,2
2188,2,4,2
2189,2,4,2
2190,2,4,2
2191,2,4,2
2192,2,4,2
2193,2,4,2
2194,2,4,2
2195,2,4,2
2196,2,4,2
2197,2,4,2
2198,2,4,2
2199,2,4,2
2200,2,4,2
2201,2,4,2
2202,2,4,2
2203,2,4,2
2204,2,4,2
2205,2,4,2
2206,2,4,2
2207,2,4,2
2208,2,4,2
2209,2,4,2
2210,2,4,2
2211,2,4,2
2212,2,4,2
2213,2,4,2
2214,2,4,2
2215,2,4,2
2216,2,4,2
2217,2,4,2
2218,2,4,2
2219,2,4,2
2220,2,4,2
2221,2,4,2
2222,2,4,2
2223,2,4,2
2224,2,4,2
2225,2,4,2
2226,2,4,2
2227,2,4,2
2228,2,4,2
2229,2,4,2
2230,2,4,2
2231,2,4,2
2232,2,4,2
2233,2,4,2
2234,2,4,2
2235,2,4,2
2236,2,4,2
2237,2,4,2
2238,2,4,2
2239,2,4,2
2240,2,4,2
2241,2,4,2
2242,2,4,2
2243,2,4,2
2244,2,4,2
2245,2,4,2
2246,2,4,2
2247,2,4,2
2248,2,4,2
2249,2,4,2
2250,2,4,2
2251,2,4,2
2252,2,4,2
2253,2,4,2
2254,2,4,2
2255,2,4,2
2256,2,4,2
2257,2,4,2
2258,2,4,2
2259,2,4,2
2260,2,4,2
2261,2,4,2
2262,2,4,2
2263,2,4,2
2264,2,4,2
2265,2,4,2
2266,2,4,2
2267,2,4,2
2268,2,4,2
2269,2,4,2
2270,2,4,2
2271,2,4,2
2272,2,4,2
2273,2,4,2
2274,2,4,2
2275,2,4,2
2276,2,4,2
2277,2,4,2
2278,2,4,2
2279,2,4,2
2280,2,4,2
2281,2,4,2
2282,2,4,2
2283,2,4,2
2284,2,4,2
2285,2,4,2
2286,2,4,2
2287,2,4,2
2288,2,4,2
2289,2,4,2
2290,2,4,2
2291,2,4,2
2292,2,4,2
2293,2,4,2
2294,2,4,2
2295,2,4,2
2296,2,4,2
2297,2,4,2
2298,2,4,2
2299,2,4,2
2300,2,4,2
2301,2,4,2
2302,2,4,2
2303,2,4,2
2304,2,4,2
2305,2,4,2
2306,2,4,2
2307,2,4,2
2308,2,4,2
2309,2,4,2
2310,2,4,2
2311,2,4,2
2312,2,4,2
2313,2,4,2
2314,2,4,2
2315,2,4,2
2316,2,4,2
2317,2,4,2
2318,2,4,2
2319,2,4,2
2320,2,4,2
2321,2,4,2
2322,2,4,2
2323,2,4,2
2324,2,4,2
2325,2,4,2
2326,2,4,2
2327,2,4,2
2328,2,4,2
2329,2,4,2
2330,2,4,2
2331,2,4,2
2332,2,4,2
2333,2,4,2
2334,2,4,2
2335,2,4,2
2336,2,4,2
2337,2,4,2
2338,2,4,2
2339,2,4,2
2340,2,4,2
2341,2,4,2
2342,2,4,2
2343,2,4,2
2344,2,4,2
2345,2,4,2
2346,2,4,2
2347,2,4,2
2348,2,4,2
2349,2,4,2
2350,2,4,2
2351,2,4,2
2352,2,4,2
2353,2,4,2
2354,2,4,2
2355,2,4,2
2356,2,4,2
2357,2,4,2
2358,2,4,2
2359,2,4,2
2360,2,4,2
2361,2,4,2
2362,2,4,2
2363,2,4,2
2364,2,4,2
2365,2,4,2
2366,2,4,2
2367,2,4,2
2368,2,4,2
2369,2,4,2
2370,2,4,2
2371,2,4,2
2372,2,4,2
2373,2,4,2
2374,2,4,2
2375,2,4,2
2376,2,4,2
2377,2,4,2
2378,2,4,2
2379,2,4,2
2380,2,4,2
2381,2,4,2
2382,2,4,2
2383,2,4,2
2384,2,4,2
2385,2,4,2
2386,2,4,2
2387,2,4,2
2388,2,4,2
2389,2,4,2
2390,2,4,2
2391,2,4,2
2392,2,4,2
2393,2,4,2
2394,2,4,2
2395,2,4,2
2396,2,4,2
2397,2,4,2
2398,2,4,2
2399,2,4,2
2400,2,4,2
2401,2,4,2
2402,2,4,2
2403,2,4,2
2404,2,4,2
2405,2,4,2
2406,2,4,2
2407,2,4,2
2408,2,4,2
2409,2,4,2
2410,2,4,2
2411,2,4,2
2412,2,4,2
2413,2,4,2
2414,2,4,2
2415,2,4,2
2416,2,4,2
2417,2,4,2
2418,2,4,2
2419,2,4,2
2420,2,4,2
2421,2,4,2
2422,2,4,2
2423,2,4,2
2424,2,4,2
2425,2,4,2
2426,2,4,2
2427,2,4,2
2428,2,4,2
2429,2,4,2
2430,2,4,2
2431,2,4,2
2432,2,4,2
2433,2,4,2
2434,2,4,2
2435,2,4,2
2436,2,4,2
2437,2,4,2
2438,2,4,2
2439,2,4,2
2440,2,4,2
2441,2,4,2
2442,2,4,2
2443,2,4,2
2444,2,4,2
2445,2,4,2
2446,2,4,2
2447,2,4,2
2448,2,4,2
2449,2,4,2
2450,2,4,2
2451,2,4,2
2452,2,4,2
2453,2,4,2
2454,2,4,2
2455,2,4,2
2456,2,4,2
2457,2,4,2
2458,2,4,2
2459,2,4,2
2460,2,4,2
2461,2,4,2
2462,2,4,2
2463,2,4,2
2464,2,4,2
2465,2,4,2
2466,2,4,2
2467,2,4,2
2468,2,4,2
2469,2,4,2
2470,2,4,2
2471,2,4,2
2472,2,4,2
2473,2,4,2
2474,2,4,2
2475,2,4,2
2476,2,4,2
2477,2,4,2
2478,2,4,2
2479,2,4,2
2480,2,4,2
2481,2,4,2
2482,2,4,2
2483,2,4,2
2484,2,4,2
2485,2,4,2
2486,2,4,2
2487,2,4,2
2488,2,4,2
2489,2,4,2
2490,2,4,2
2491,2,4,2
2492,2,4,2
2493,2,4,2
2494,2,4,2
2495,2,4,2
2496,2,4,2
2497,2,4,2
2498,2,4,2
2499,2,4,2
2500,3,5,3
2501,3,5,3
2502,3,5,3
2503,3,5,3
2504,3,5,3
2505,3,5,3
2506,3,5,3
2507,3,5,3
2508,3,5,3
2509,3,5,3
2510,3,5,3
2511,3,5,3
2512,3,5,3
2513,3,5,3
2514,3,5,3
2515,3,5,3
2516,3,5,3
2517,3,5,3
2518,3,5,3
2519,3,5,3
2520,3,5,3
2521,3,5,3
2522,3,5,3
2523,3,5,3
2524,3,5,3
2525,3,5,3
2526,3,5,3
2527,3,5,3
2528,3,5,3
2529,3,5,3
2530,3,5,3
2531,3,5,3
2532,3,5,3
2533,3,5,3
2534,3,5,3
2535,3,5,3
2536,3,5,3
2537,3,5,3
2538,3,5,3
2539,3,5,3
2540,3,5,3
2541,3,5,3
2542,3,5,3
2543,3,5,3
2544,3,5,3
2545,3,5,3
2546,3,5,3
2547,3,5,3
2548,3,5,3
2549,3,5,3
2550,3,5,3
2551,3,5,3
2552,3,5,3
2553,3,5,3
2554,3,5,3
2555,3,5,3
2556,3,5,3
2557,3,5,3
2558,3,5,3
2559,3,5,3
2560,3,5,3
2561,3,5,3
2562,3,5,3
2563,3,5,3
2564,3,5,3
2565,3,5,3
2566,3,5,3
2567,3,5,3
2568,3,5,3
2569,3,5,3
2570,3,5,3
2571,3,5,3
2572,3,5,3
2573,3,5,3
2574,3,5,3
2575,3,5,3
2576,3,5,3
2577,3,5,3
2578,3,5,3
2579,3,5,3
2580,3,5,3
2581,3,5,3
2582,3,5,3
2583,3,5,3
2584,3,5,3
2585,3,5,3
2586,3,5,3
2587,3,5,3
2588,3,5,3
2589,3,5,3
2590,3,5,3
2591,3,5,3
2592,3,5,3
2593,3,5,3
2594,3,5,3
2595,3,5,3
2596,3,5,3
2597,3,5,3
2598,3,5,3
2599,3,5,3
2600,3,5,3
2601,3,5,3
2602,3,5,3
2603,3,5,3
2604,3,5,3
2605,3,5,3
2606,3,5,3
2607,3,5,3
2608,3,5,3
2609,3,5,3
2610,3,5,3
2611,3,5,3
2612,3,5,3
2613,3,5,3
2614,3,5,3
2615,3,5,3
2616,3,5,3
2617,3,5,3
2618,3,5,3
2619,3,5,3
2620,3,5,3
2621,3,5,3
2622,3,5,3
2623,3,5,3
2624,3,5,3
2625,3,5,3
2626,3,5,3
2627,3,5,3
2628,3,5,3
2629,3,5,3
2630,3,5,3
2631,3,5,3
2632,3,5,3
2633,3,5,3
2634,3,5,3
2635,3,5,3
2636,3,5,3
2637,3,5,3
2638,3,5,3
2639,3,5,3
2640,3,5,3
2641,3,5,3
2642,3,5,3
2643,3,5,3
2644,3,5,3
2645,3,5,3
2646,3,5,3
2647,3,5,3
2648,3,5,3
2649,3,5,3
2650,3,5,3
2651,3,5,3
2652,3,5,3
2653,3,5,3
2654,3,5,3
2655,3,5,3
2656,3,5,3
2657,3,5,3
2658,3,5,3
2659,3,5,3
2660,3,5,3
2661,3,5,3
2662,3,5,3
2663,3,5,3
2664,3,5,3
2665,3,5,3
2666,3,5,3
2667,3,5,3
2668,3,5,3
2669,3,5,3
2670,3,5,3
2671,3,5,3
2672,3,5,3
2673,3,5,3
2674,3,5,3
2675,3,5,3
2676,3,5,3
2677,3,5,3
2678,3,5,3
2679,3,5,3
2680,3,5,3
2681,3,5,3
2682,3,5,3
2683,3,5,3
2684,3,5,3
2685,3,5,3
2686,3,5,3
2687,3,5,3
2688,3,5,3
2689,3,5,3
2690,3,5,3
2691,3,5,3
2692,3,5,3
2693,3,5,3
2694,3,5,3
2695,3,5,3
2696,3,5,3
2697,3,5,3
2698,3,5,3
2699,3,5,3
2700,3,5,3
2701,3,5,3
2702,3,5,3
2703,3,5,3
2704,3,5,3
2705,3,5,3
2706,3,5,3
2707,3,5,3
2708,3,5,3
2709,3,5,3
2710,3,5,3
2711,3,5,3
2712,3,5,3
2713,3,5,3
2714,3,5,3
2715,3,5,3
2716,3,5,3
2717,3,5,3
2718,3,5,3
2719,3,5,3
2720,3,5,3
2721,3,5,3
2722,3,5,3
2723,3,5,3
2724,3,5,3
2725,3,5,3
2726,3,5,3
2727,3,5,3
2728,3,5,3
2729,3,5,3
2730,3,5,3
2731,3,5,3
2732,3,5,3
2733,3,5,3
2734,3,5,3
2735,3,5,3
2736,3,5,3
2737,3,5,3
2738,3,5,3
2739,3,5,3
2740,3,5,3
2741,3,5,3
2742,3,5,3
2743,3,5,3
2744,3,5,3
2745,3,5,3
2746,3,5,3
2747,3,5,3
2748,3,5,3
2749,3,5,3
2750,3,5,3
2751,3,5,3
2752,3,5,3
2753,3,5,3
2754,3,5,3
2755,3,5,3
2756,3,5,3
2757,3,5,3
2758,3,5,3
2759,3,5,3
2760,3,5,3
2761,3,5,3
2762,3,5,3
2763,3,5,3
2764,3,5,3
2765,3,5,3
2766,3,5,3
2767,3,5,3
2768,3,5,3
2769,3,5,3
2770,3,5,3
2771,3,5,3
2772,3,5,3
2773,3,5,3
2774,3,5,3
2775,3,5,3
2776,3,5,3
2777,3,5,3
2778,3,5,3
2779,3,5,3
2780,3,5,3
2781,3,5,3
2782,3,5,3
2783,3,5,3
2784,3,5,3
2785,3,5,3
2786,3,5,3
2787,3,5,3
2788,3,5,3
2789,3,5,3
2790,3,5,3
2791,3,5,3
2792,3,5,3
2793,3,5,3
2794,3,5,3
2795,3,5,3
2796,3,5,3
2797,3,5,3
2798,3,5,3
2799,3,5,3
2800,3,5,3
2801,3,5,3
2802,3,5,3
2803,3,5,3
2804,3,5,3
2805,3,5,3
2806,3,5,3
2807,3,5,3
2808,3,5,3
2809,3,5,3
2810,3,5,3
2811,3,5,3
2812,3,5,3
2813,3,5,3
2814,3,5,3
2815,3,5,3
2816,3,5,3
2817,3,5,3
2818,3,5,3
2819,3,5,3
2820,3,5,3
2821,3,5,3
2822,3,5,3
2823,3,5,3
2824,3,5,3
2825,3,5,3
2826,3,5,3
2827,3,5,3
2828,3,5,3
2829,3,5,3
2830,3,5,3
2831,3,5,3
2832,3,5,3
2833,3,5,3
2834,3,5,3
2835,3,5,3
2836,3,5,3
2837,3,5,3
2838,3,5,3
2839,3,5,3
2840,3,5,3
2841,3,5,3
2842,3,5,3
2843,3,5,3
2844,3,5,3
2845,3,5,3
2846,3,5,3
2847,3,5,3
2848,3,5,3
2849,3,5,3
2850,3,5,3
2851,3,5,3
2852,3,5,3
2853,3,5,3
2854,3,5,3
2855,3,5,3
2856,3,5,3
2857,3,5,3
2858,3,5,3
2859,3,5,3
2860,3,5,3
2861,3,5,3
2862,3,5,3
2863,3,5,3
2864,3,5,3
2865,3,5,3
2866,3,5,3
2867,3,5,3
2868,3,5,3
2869,3,5,3
2870,3,5,3
2871,3,5,3
2872,3,5,3
2873,3,5,3
2874,3,5,3
2875,3,5,3
2876,3,5,3
2877,3,5,3
2878,3,5,3
2879,3,5,3
2880,3,5,3
2881,3,5,3
2882,3,5,3
2883,3,5,3
2884,3,5,3
2885,3,5,3
2886,3,5,3
2887,3,5,3
2888,3,5,3
2889,3,5,3
2890,3,5,3
2891,3,5,3
2892,3,5,3
2893,3,5,3
2894,3,5,3
2895,3,5,3
2896,3,5,3
2897,3,5,3
2898,3,5,3
2899,3,5,3
2900,3,5,3
2901,3,5,3
2902,3,5,3
2903,3,5,3
2904,3,5,3
2905,3,5,3
2906,3,5,3
2907,3,5,3
2908,3,5,3
2909,3,5,3
2910,3,5,3
2911,3,5,3
2912,3,5,3
2913,3,5,3
2914,3,5,3
2915,3,5,3
2916,3,5,3
2917,3,5,3
2918,3,5,3
2919,3,5,3
2920,3,5,3
2921,3,5,3
2922,3,5,3
2923,3,5,3
2924,3,5,3
2925,3,5,3
2926,3,5,3
2927,3,5,3
2928,3,5,3
2929,3,5,3
2930,3,5,3
2931,3,5,3
2932,3,5,3
2933,3,5,3
2934,3,5,3
2935,3,5,3
2936,3,5,3
2937,3,5,3
2938,3,5,3
2939,3,5,3
2940,3,5,3
2941,3,5,3
2942,3,5,3
2943,3,5,3
2944,3,5,3
2945,3,5,3
2946,3,5,3
2947,3,5,3
2948,3,5,3
2949,3,5,3
2950,3,5,3
2951,3,5,3
2952,3,5,3
2953,3,5,3
2954,3,5,3
2955,3,5,3
2956,3,5,3
2957,3,5,3
2958,3,5,3
2959,3,5,3
2960,3,5,3
2961,3,5,3
2962,3,5,3
2963,3,5,3
2964,3,5,3
2965,3,5,3
2966,3,5,3
2967,3,5,3
2968,3,5,3
2969,3,5,3
2970,3,5,3
2971,3,5,3
2972,3,5,3
2973,3,5,3
2974,3,5,3
2975,3,5,3
2976,3,5,3
2977,3,5,3
2978,3,5,3
2979,3,5,3
2980,3,5,3
2981,3,5,3
2982,3,5,3
2983,3,5,3
2984,3,5,3
2985,3,5,3
2986,3,5,3
2987,3,5,3
2988,3,5,3
2989,3,5,3
2990,3,5,3
2991,3,5,3
2992,3,5,3
2993,3,5,3
2994,3,5,3
2995,3,5,3
2996,3,5,3
2997,3,5,3
2998,3,5,3
2999,3,5,3
3000,3,5,3
3001,3,5,3
3002,3,5,3
3003,3,5,3
3004,3,5,3
3005,3,5,3
3006,3,5,3
3007,3,5,3
3008,3,5,3
3009,3,5,3
3010,3,5,3
3011,3,5,3
3012,3,5,3
3013,3,5,3
3014,3,5,3
3015,3,5,3
3016,3,5,3
3017,3,5,3
3018,3,5,3
3019,3,5,3
3020,3,5,3
3021,3,5,3
3022,3,5,3
3023,3,5,3
3024,3,5,3
3025,3,5,3
3026,3,5,3
3027,3,5,3
3028,3,5,3
3029,3,5,3
3030,3,5,3
3031,3,5,3
3032,3,5,3
3033,3,5,3
3034,3,5,3
3035,3,5,3
3036,3,5,3
3037,3,5,3
3038,3,5,3
3039,3,5,3
3040,3,5,3
3041,3,5,3
3042,3,5,3
3043,3,5,3
3044,3,5,3
3045,3,5,3
3046,3,5,3
3047,3,5,3
3048,3,5,3
3049,3,5,3
3050,3,5,3
3051,3,5,3
3052,3,5,3
3053,3,5,3
3054,3,5,3
3055,3,5,3
3056,3,5,3
3057,3,5,3
3058,3,5,3
3059,3,5,3
3060,3,5,3
3061,3,5,3
3062,3,5,3
3063,3,5,3
3064,3,5,3
3065,3,5,3
3066,3,5,3
3067,3,5,3
3068,3,5,3
3069,3,5,3
3070,3,5,3
3071,3,5,3
3072,3,5,3
3073,3,5,3
3074,3,5,3
3075,3,5,3
3076,3,5,3
3077,3,5,3
3078,3,5,3
3079,3,5,3
3080,3,5,3
3081,3,5,3
3082,3,5,3
3083,3,5,3
3084,3,5,3
3085,3,5,3
3086,3,5,3
3087,3,5,3
3088,3,5,3
3089,3,5,3
3090,3,5,3
3091,3,5,3
3092,3,5,3
3093,3,5,3
3094,3,5,3
3095,3,5,3
3096,3,5,3
3097,3,5,3
3098,3,5,3
3099,3,5,3
3100,3,5,3
3101,3,5,3
3102,3,5,3
3103,3,5,3
3104,3,5,3
3105,3,5,3
3106,3,5,3
3107,3,5,3
3108,3,5,3
3109,3,5,3
3110,3,5,3
3111,3,5,3
3112,3,5,3
3113,3,5,3
3114,3,5,3
3115,3,5,3
3116,3,5,3
3117,3,5,3
3118,3,5,3
3119,3,5,3
3120,3,5,3
3121,3,5,3
3122,3,5,3
3123,3,5,3
3124,3,5,3
3125,3,5,3
3126,3,5,3
3127,3,5,3
3128,3,5,3
3129,3,5,3
3130,3,5,3
3131,3,5,3
3132,3,5,3
3133,3,5,3
3134,3,5,3
3135,3,5,3
3136,3,5,3
3137,3,5,3
3138,3,5,3
3139,3,5,3
3140,3,5,3
3141,3,5,3
3142,3,5,3
3143,3,5,3
3144,3,5,3
3145,3,5,3
3146,3,5,3
3147,3,5,3
3148,3,5,3
3149,3,5,3
3150,3,5,3
3151,3,5,3
3152,3,5,3
3153,3,5,3
3154,3,5,3
3155,3,5,3
3156,3,5,3
3157,3,5,3
3158,3,5,3
3159,3,5,3
3160,3,5,3
3161,3,5,3
3162,3,5,3
3163,3,5,3
3164,3,5,3
3165,3,5,3
3166,3,5,3
3167,3,5,3
3168,3,5,3
3169,3,5,3
3170,3,5,3
3171,3,5,3
3172,3,5,3
3173,3,5,3
3174,3,5,3
3175,3,5,3
3176,3,5,3
3177,3,5,3
3178,3,5,3
3179,3,5,3
3180,3,5,3
3181,3,5,3
3182,3,5,3
3183,3,5,3
3184,3,5,3
3185,3,5,3
3186,3,5,3
3187,3,5,3
3188,3,5,3
3189,3,5,3
3190,3,5,3
3191,3,5,3
3192,3,5,3
3193,3,5,3
3194,3,5,3
3195,3,5,3
3196,3,5,3
3197,3,5,3
3198,3,5,3
3199,3,5,3
3200,3,5,3
3201,3,5,3
3202,3,5,3
3203,3,5,3
3204,3,5,3
3205,3,5,3
3206,3,5,3
3207,3,5,3
3208,3,5,3
3209,3,5,3
3210,3,5,3
3211,3,5,3
3212,3,5,3
3213,3,5,3
3214,3,5,3
3215,3,5,3
3216,3,5,3
3217,3,5,3
3218,3,5,3
3219,3,5,3
3220,3,5,3
3221,3,5,3
3222,3,5,3
3223,3,5,3
3224,3,5,3
3225,3,5,3
3226,3,5,3
3227,3,5,3
3228,3,5,3
3229,3,5,3
3230,3,5,3
3231,3,5,3
3232,3,5,3
3233,3,5,3
3234,3,5,3
3235,3,5,3
3236,3,5,3
3237,3,5,3
3238,3,5,3
3239,3,5,3
3240,3,5,3
3241,3,5,3
3242,3,5,3
3243,3,5,3
3244,3,5,3
3245,3,5,3
3246,3,5,3
3247,3,5,3
3248,3,5,3
3249,3,5,3
3250,3,5,3
3251,3,5,3
3252,3,5,3
3253,3,5,3
3254,3,5,3
3255,3,5,3
3256,3,5,3
3257,3,5,3
3258,3,5,3
3259,3,5,3
3260,3,5,3
3261,3,5,3
3262,3,5,3
3263,3,5,3
3264,3,5,3
3265,3,5,3
3266,3,5,3
3267,3,5,3
3268,3,5,3
3269,3,5,3
3270,3,5,3
3271,3,5,3
3272,3,5,3
3273,3,5,3
3274,3,5,3
3275,3,5,3
3276,3,5,3
3277,3,5,3
3278,3,5,3
3279,3,5,3
3280,3,5,3
3281,3,5,3
3282,3,5,3
3283,3,5,3
3284,3,5,3
3285,3,5,3
3286,3,5,3
3287,3,5,3
3288,3,5,3
3289,3,5,3
3290,3,5,3
3291,3,5,3
3292,3,5,3
3293,3,5,3
3294,3,5,3
3295,3,5,3
3296,3,5,3
3297,3,5,3
3298,3,5,3
3299,3,5,3
3300,3,5,3
3301,3,5,3
3302,3,5,3
3303,3,5,3
3304,3,5,3
3305,3,5,3
3306,3,5,3
3307,3,5,3
3308,3,5,3
3309,3,5,3
3310,3,5,3
3311,3,5,3
3312,3,5,3
3313,3,5,3
3314,3,5,3
3315,3,5,3
3316,3,5,3
3317,3,5,3
3318,3,5,3
3319,3,5,3
3320,3,5,3
3321,3,5,3
3322,3,5,3
3323,3,5,3
3324,3,5,3
3325,3,5,3
3326,3,5,3
3327,3,5,3
3328,3,5,3
3329,3,5,3
3330,3,5,3
3331,3,5,3
3332,3,5,3
3333,3,5,3
3334,3,5,3
3335,3,5,3
3336,3,5,3
3337,3,5,3
3338,3,5,3
3339,3,5,3
3340,3,5,3
3341,3,5,3
3342,3,5,3
3343,3,5,3
3344,3,5,3
3345,3,5,3
3346,3,5,3
3347,3,5,3
3348,3,5,3
3349,3,5,3
3350,3,5,3
3351,3,5,3
3352,3,5,3
3353,3,5,3
3354,3,5,3
3355,3,5,3
3356,3,5,3
3357,3,5,3
3358,3,5,3
3359,3,5,3
3360,3,5,3
3361,3,5,3
3362,3,5,3
3363,3,5,3
3364,3,5,3
3365,3,5,3
3366,3,5,3
3367,3,5,3
3368,3,5,3
3369,3,5,3
3370,3,5,3
3371,3,5,3
3372,3,5,3
3373,3,5,3
3374,3,5,3
3375,3,5,3
3376,3,5,3
3377,3,5,3
3378,3,5,3
3379,3,5,3
3380,3,5,3
3381,3,5,3
3382,3,5,3
3383,3,5,3
3384,3,5,3
3385,3,5,3
3386,3,5,3
3387,3,5,3
3388,3,5,3
3389,3,5,3
3390,3,5,3
3391,3,5,3
3392,3,5,3
3393,3,5,3
3394,3,5,3
3395,3,5,3
3396,3,5,3
3397,3,5,3
3398,3,5,3
3399,3,5,3
3400,3,5,3
3401,3,5,3
3402,3,5,3
3403,3,5,3
3404,3,5,3
3405,3,5,3
3406,3,5,3
3407,3,5,3
3408,3,5,3
3409,3,5,3
3410,3,5,3
3411,3,5,3
3412,3,5,3
3413,3,5,3
3414,3,5,3
3415,3,5,3
3416,3,5,3
3417,3,5,3
3418,3,5,3
3419,3,5,3
3420,3,5,3
3421,3,5,3
3422,3,5,3
3423,3,5,3
3424,3,5,3
3425,3,5,3
3426,3,5,3
3427,3,5,3
3428,3,5,3
3429,3,5,3
3430,3,5,3
3431,3,5,3
3432,3,5,3
3433,3,5,3
3434,3,5,3
3435,3,5,3
3436,3,5,3
3437,3,5,3
3438,3,5,3
3439,3,5,3
3440,3,5,3
3441,3,5,3
3442,3,5,3
3443,3,5,3
3444,3,5,3
3445,3,5,3
3446,3,5,3
3447,3,5,3
3448,3,5,3
3449,3,5,3
3450,3,5,3
3451,3,5,3
3452,3,5,3
3453,3,5,3
3454,3,5,3
3455,3,5,3
3456,3,5,3
3457,3,5,3
3458,3,5,3
3459,3,5,3
3460,3,5,3
3461,3,5,3
3462,3,5,3
3463,3,5,3
3464,3,5,3
3465,3,5,3
3466,3,5,3
3467,3,5,3
3468,3,5,3
3469,3,5,3
3470,3,5,3
3471,3,5,3
3472,3,5,3
3473,3,5,3
3474,3,5,3
3475,3,5,3
3476,3,5,3
3477,3,5,3
3478,3,5,3
3479,3,5,3
3480,3,5,3
3481,3,5,3
3482,3,5,3
3483,3,5,3
3484,3,5,3
3485,3,5,3
3486,3,5,3
3487,3,5,3
3488,3,5,3
3489,3,5,3
3490,3,5,3
3491,3,5,3
3492,3,5,3
3493,3,5,3
3494,3,5,3
3495,3,5,3
3496,3,5,3
3497,3,5,3
3498,3,5,3
3499,3,5,3
3500,3,5,3
3501,3,5,3
3502,3,5,3
3503,3,5,3
3504,3,5,3
3505,3,5,3
3506,3,5,3
3507,3,5,3
3508,3,5,3
3509,3,5,3
3510,3,5,3
3511,3,5,3
3512,3,5,3
3513,3,5,3
3514,3,5,3
3515,3,5,3
3516,3,5,3
3517,3,5,3
3518,3,5,3
3519,3,5,3
3520,3,5,3
3521,3,5,3
3522,3,5,3
3523,3,5,3
3524,3,5,3
3525,3,5,3
3526,3,5,3
3527,3,5,3
3528,3,5,3
3529,3,5,3
3530,3,5,3
3531,3,5,3
3532,3,5,3
3533,3,5,3
3534,3,5,3
3535,3,5,3
3536,3,5,3
3537,3,5,3
3538,3,5,3
3539,3,5,3
3540,3,5,3
3541,3,5,3
3542,3,5,3
3543,3,5,3
3544,3,5,3
3545,3,5,3
3546,3,5,3
3547,3,5,3
3548,3,5,3
3549,3,5,3
3550,3,5,3
3551,3,5,3
3552,3,5,3
3553,3,5,3
3554,3,5,3
3555,3,5,3
3556,3,5,3
3557,3,5,3
3558,3,5,3
3559,3,5,3
3560,3,5,3
3561,3,5,3
3562,3,5,3
3563,3,5,3
3564,3,5,3
3565,3,5,3
3566,3,5,3
3567,3,5,3
3568,3,5,3
3569,3,5,3
3570,3,5,3
3571,3,5,3
3572,3,5,3
3573,3,5,3
3574,3,5,3
3575,3,5,3
3576,3,5,3
3577,3,5,3
3578,3,5,3
3579,3,5,3
3580,3,5,3
3581,3,5,3
3582,3,5,3
3583,3,5,3
3584,3,5,3
3585,3,5,3
3586,3,5,3
3587,3,5,3
3588,3,5,3
3589,3,5,3
3590,3,5,3
3591,3,5,3
3592,3,5,3
3593,3,5,3
3594,3,5,3
3595,3,5,3
3596,3,5,3
3597,3,5,3
3598,3,5,3
3599,3,5,3
3600,3,5,3
3601,3,5,3
3602,3,5,3
3603,3,5,3
3604,3,5,3
3605,3,5,3
3606,3,5,3
3607,3,5,3
3608,3,5,3
3609,3,5,3
3610,3,5,3
3611,3,5,3
3612,3,5,3
3613,3,5,3
3614,3,5,3
3615,3,5,3
3616,3,5,3
3617,3,5,3
3618,3,5,3
3619,3,5,3
3620,3,5,3
3621,3,5,3
3622,3,5,3
3623,3,5,3
3624,3,5,3
3625,3,5,3
3626,3,5,3
3627,3,5,3
3628,3,5,3
3629,3,5,3
3630,3,5,3
3631,3,5,3
3632,3,5,3
3633,3,5,3
3634,3,5,3
3635,3,5,3
3636,3,5,3
3637,3,5,3
3638,3,5,3
3639,3,5,3
3640,3,5,3
3641,3,5,3
3642,3,5,3
3643,3,5,3
3644,3,5,3
3645,3,5,3
3646,3,5,3
3647,3,5,3
3648,3,5,3
3649,3,5,3
3650,3,5,3
3651,3,5,3
3652,3,5,3
3653,3,5,3
3654,3,5,3
3655,3,5,3
3656,3,5,3
3657,3,5,3
3658,3,5,3
3659,3,5,3
3660,3,5,3
3661,3,5,3
3662,3,5,3
3663,3,5,3
3664,3,5,3
3665,3,5,3
3666,3,5,3
3667,3,5,3
3668,3,5,3
3669,3,5,3
3670,3,5,3
3671,3,5,3
3672,3,5,3
3673,3,5,3
3674,3,5,3
3675,3,5,3
3676,3,5,3
3677,3,5,3
3678,3,5,3
3679,3,5,3
3680,3,5,3
3681,3,5,3
3682,3,5,3
3683,3,5,3
3684,3,5,3
3685,3,5,3
3686,3,5,3
3687,3,5,3
3688,3,5,3
3689,3,5,3
3690,3,5,3
3691,3,5,3
3692,3,5,3
3693,3,5,3
3694,3,5,3
3695,3,5,3
3696,3,5,3
3697,3,5,3
3698,3,5,3
3699,3,5,3
3700,3,5,3
3701,3,5,3
3702,3,5,3
3703,3,5,3
3704,3,5,3
3705,3,5,3
3706,3,5,3
3707,3,5,3
3708,3,5,3
3709,3,5,3
3710,3,5,3
3711,3,5,3
3712,3,5,3
3713,3,5,3
3714,3,5,3
3715,3,5,3
3716,3,5,3
3717,3,5,3
3718,3,5,3
3719,3,5,3
3720,3,5,3
3721,3,5,3
3722,3,5,3
3723,3,5,3
3724,3,5,3
3725,3,5,3
3726,3,5,3
3727,3,5,3
3728,3,5,3
3729,3,5,3
3730,3,5,3
3731,3,5,3
3732,3,5,3
3733,3,5,3
3734,3,5,3
3735,3,5,3
3736,3,5,3
3737,3,5,3
3738,3,5,3
3739,3,5,3
3740,3,5,3
3741,3,5,3
3742,3,5,3
3743,3,5,3
3744,3,5,3
3745,3,5,3
3746,3,5,3
3747,3,5,3
3748,3,5,3
3749,4,5,3
3750,4,3,4
3751,4,3,4
3752,4,3,4
3753,4,3,4
3754,4,3,4
3755,4,3,4
3756,4,3,4
3757,4,3,4
3758,4,3,4
3759,4,3,4
3760,4,3,4
3761,4,3,4
3762,4,3,4
3763,4,3,4
3764,4,3,4
3765,4,3,4
3766,4,3,4
3767,4,3,4
3768,4,3,4
3769,4,3,4
3770,4,3,4
3771,4,3,4
3772,4,3,4
3773,4,3,4
3774,4,3,4
3775,4,3,4
3776,4,3,4
3777,4,3,4
3778,4,3,4
3779,4,3,4
3780,4,3,4
3781,4,3,4
3782,4,3,4
3783,4,3,4
3784,4,3,4
3785,4,3,4
3786,4,3,4
3787,4,3,4
3788,4,3,4
3789,4,3,4
3790,4,3,4
3791,4,3,4
3792,4,3,4
3793,4,3,4
3794,4,3,4
3795,4,3,4
3796,4,3,4
3797,4,3,4
3798,4,3,4
3799,4,3,4
3800,4,3,4
3801,4,3,4
3802,4,3,4
3803,4,3,4
3804,4,3,4
3805,4,3,4
3806,4,3,4
3807,4,3,4
3808,4,3,4
3809,4,3,4
3810,4,3,4
3811,4,3,4
3812,4,3,4
3813,4,3,4
3814,4,3,4
3815,4,3,4
3816,4,3,4
3817,4,3,4
3818,4,3,4
3819,4,3,4
3820,4,3,4
3821,4,3,4
3822,4,3,4
3823,4,3,4
3824,4,3,4
3825,4,3,4
3826,4,3,4
3827,4,3,4
3828,4,3,4
3829,4,3,4
3830,4,3,4
3831,4,3,4
3832,4,3,4
3833,4,3,4
3834,4,3,4
3835,4,3,4
3836,4,3,4
3837,4,3,4
3838,4,3,4
3839,4,3,4
3840,4,3,4
3841,4,3,4
3842,4,3,4
3843,4,3,4
3844,4,3,4
3845,4,3,4
3846,4,3,4
3847,4,3,4
3848,4,3,4
3849,4,3,4
3850,4,3,4
3851,4,3,4
3852,4,3,4
3853,4,3,4
3854,4,3,4
3855,4,3,4
3856,4,3,4
3857,4,3,4
3858,4,3,4
3859,4,3,4
3860,4,3,4
3861,4,3,4
3862,4,3,4
3863,4,3,4
3864,4,3,4
3865,4,3,4
3866,4,3,4
3867,4,3,4
3868,4,3,4
3869,4,3,4
3870,4,3,4
3871,4,3,4
3872,4,3,4
3873,4,3,4
3874,4,3,4
3875,4,3,4
3876,4,3,4
3877,4,3,4
3878,4,3,4
3879,4,3,4
3880,4,3,4
3881,4,3,4
3882,4,3,4
3883,4,3,4
3884,4,3,4
3885,4,3,4
3886,4,3,4
3887,4,3,4
3888,4,3,4
3889,4,3,4
3890,4,3,4
3891,4,3,4
3892,4,3,4
3893,4,3,4
3894,4,3,4
3895,4,3,4
3896,4,3,4
3897,4,3,4
3898,4,3,4
3899,4,3,4
3900,4,3,4
3901,4,3,4
3902,4,3,4
3903,4,3,4
3904,4,3,4
3905,4,3,4
3906,4,3,4
3907,4,3,4
3908,4,3,4
3909,4,3,4
3910,4,3,4
3911,4,3,4
3912,4,3,4
3913,4,3,4
3914,4,3,4
3915,4,3,4
3916,4,3,4
3917,4,3,4
3918,4,3,4
3919,4,3,4
3920,4,3,4
3921,4,3,4
3922,4,3,4
3923,4,3,4
3924,4,3,4
3925,4,3,4
3926,4,3,4
3927,4,3,4
3928,4,3,4
3929,4,3,4
3930,4,3,4
3931,4,3,4
3932,4,3,4
3933,4,3,4
3934,4,3,4
3935,4,3,4
3936,4,3,4
3937,4,3,4
3938,4,3,4
3939,4,3,4
3940,4,3,4
3941,4,3,4
3942,4,3,4
3943,4,3,4
3944,4,3,4
3945,4,3,4
3946,4,3,4
3947,4,3,4
3948,4,3,4
3949,4,3,4
3950,4,3,4
3951,4,3,4
3952,4,3,4
3953,4,3,4
3954,4,3,4
3955,4,3,4
3956,4,3,4
3957,4,3,4
3958,4,3,4
3959,4,3,4
3960,4,3,4
3961,4,3,4
3962,4,3,4
3963,4,3,4
3964,4,3,4
3965,4,3,4
3966,4,3,4
3967,4,3,4
3968,4,3,4
3969,4,3,4
3970,4,3,4
3971,4,3,4
3972,4,3,4
3973,4,3,4
3974,4,3,4
3975,4,3,4
3976,4,3,4
3977,4,3,4
3978,4,3,4
3979,4,3,4
3980,4,3,4
3981,4,3,4
3982,4,3,4
3983,4,3,4
3984,4,3,4
3985,4,3,4
3986,4,3,4
3987,4,3,4
3988,4,3,4
3989,4,3,4
3990,4,3,4
3991,4,3,4
3992,4,3,4
3993,4,3,4
3994,4,3,4
3995,4,3,4
3996,4,3,4
3997,4,3,4
3998,4,3,4
3999,4,3,4
4000,4,3,4
4001,4,3,4
4002,4,3,4
4003,4,3,4
4004,4,3,4
4005,4,3,4
4006,4,3,4
4007,4,3,4
4008,4,3,4
4009,4,3,4
4010,4,3,4
4011,4,3,4
4012,4,3,4
4013,4,3,4
4014,4,3,4
4015,4,3,4
4016,4,3,4
4017,4,3,4
4018,4,3,4
4019,4,3,4
4020,4,3,4
4021,4,3,4
4022,4,3,4
4023,4,3,4
4024,4,3,4
4025,4,3,4
4026,4,3,4
4027,4,3,4
4028,4,3,4
4029,4,3,4
4030,4,3,4
4031,4,3,4
4032,4,3,4
4033,4,3,4
4034,4,3,4
4035,4,3,4
4036,4,3,4
4037,4,3,4
4038,4,3,4
4039,4,3,4
4040,4,3,4
4041,4,3,4
4042,4,3,4
4043,4,3,4
4044,4,3,4
4045,4,3,4
4046,4,3,4
4047,4,3,4
4048,4,3,4
4049,4,3,4
4050,4,3,4
4051,4,3,4
4052,4,3,4
4053,4,3,4
4054,4,3,4
4055,4,3,4
4056,4,3,4
4057,4,3,4
4058,4,3,4
4059,4,3,4
4060,4,3,4
4061,4,3,4
4062,4,3,4
4063,4,3,4
4064,4,3,4
4065,4,3,4
4066,4,3,4
4067,4,3,4
4068,4,3,4
4069,4,3,4
4070,4,3,4
4071,4,3,4
4072,4,3,4
4073,4,3,4
4074,4,3,4
4075,4,3,4
4076,4,3,4
4077,4,3,4
4078,4,3,4
4079,4,3,4
4080,4,3,4
4081,4,3,4
4082,4,3,4
4083,4,3,4
4084,4,3,4
4085,4,3,4
4086,4,3,4
4087,4,3,4
4088,4,3,4
4089,4,3,4
4090,4,3,4
4091,4,3,4
4092,4,3,4
4093,4,3,4
4094,4,3,4
4095,4,3,4
4096,4,3,4
4097,4,3,4
4098,4,3,4
4099,4,3,4
4100,4,3,4
4101,4,3,4
4102,4,3,4
4103,4,3,4
4104,4,3,4
4105,4,3,4
4106,4,3,4
4107,4,3,4
4108,4,3,4
4109,4,3,4
4110,4,3,4
4111,4,3,4
4112,4,3,4
4113,4,3,4
4114,4,3,4
4115,4,3,4
4116,4,3,4
4117,4,3,4
4118,4,3,4
4119,4,3,4
4120,4,3,4
4121,4,3,4
4122,4,3,4
4123,4,3,4
4124,4,3,4
4125,4,3,4
4126,4,3,4
4127,4,3,4
4128,4,3,4
4129,4,3,4
4130,4,3,4
4131,4,3,4
4132,4,3,4
4133,4,3,4
4134,4,3,4
4135,4,3,4
4136,4,3,4
4137,4,3,4
4138,4,3,4
4139,4,3,4
4140,4,3,4
4141,4,3,4
4142,4,3,4
4143,4,3,4
4144,4,3,4
4145,4,3,4
4146,4,3,4
4147,4,3,4
4148,4,3,4
4149,4,3,4
4150,4,3,4
4151,4,3,4
4152,4,3,4
4153,4,3,4
4154,4,3,4
4155,4,3,4
4156,4,3,4
4157,4,3,4
4158,4,3,4
4159,4,3,4
4160,4,3,4
4161,4,3,4
4162,4,3,4
4163,4,3,4
4164,4,3,4
4165,4,3,4
4166,4,3,4
4167,4,3,4
4168,4,3,4
4169,4,3,4
4170,4,3,4
4171,4,3,4
4172,4,3,4
4173,4,3,4
4174,4,3,4
4175,4,3,4
4176,4,3,4
4177,4,3,4
4178,4,3,4
4179,4,3,4
4180,4,3,4
4181,4,3,4
4182,4,3,4
4183,4,3,4
4184,4,3,4
4185,4,3,4
4186,4,3,4
4187,4,3,4
4188,4,3,4
4189,4,3,4
4190,4,3,4
4191,4,3,4
4192,4,3,4
4193,4,3,4
4194,4,3,4
4195,4,3,4
4196,4,3,4
4197,4,3,4
4198,4,3,4
4199,4,3,4
4200,4,3,4
4201,4,3,4
4202,4,3,4
4203,4,3,4
4204,4,3,4
4205,4,3,4
4206,4,3,4
4207,4,3,4
4208,4,3,4
4209,4,3,4
4210,4,3,4
4211,4,3,4
4212,4,3,4
4213,4,3,4
4214,4,3,4
4215,4,3,4
4216,4,3,4
4217,4,3,4
4218,4,3,4
4219,4,3,4
4220,4,3,4
4221,4,3,4
4222,4,3,4
4223,4,3,4
4224,4,3,4
4225,4,3,4
4226,4,3,4
4227,4,3,4
4228,4,3,4
4229,4,3,4
4230,4,3,4
4231,4,3,4
4232,4,3,4
4233,4,3,4
4234,4,3,4
4235,4,3,4
4236,4,3,4
4237,4,3,4
4238,4,3,4
4239,4,3,4
4240,4,3,4
4241,4,3,4
4242,4,3,4
4243,4,3,4
4244,4,3,4
4245,4,3,4
4246,4,3,4
4247,4,3,4
4248,4,3,4
4249,4,3,4
4250,4,3,4
4251,4,3,4
4252,4,3,4
4253,4,3,4
4254,4,3,4
4255,4,3,4
4256,4,3,4
4257,4,3,4
4258,4,3,4
4259,4,3,4
4260,4,3,4
4261,4,3,4
4262,4,3,4
4263,4,3,4
4264,4,3,4
4265,4,3,4
4266,4,3,4
4267,4,3,4
4268,4,3,4
4269,4,3,4
4270,4,3,4
4271,4,3,4
4272,4,3,4
4273,4,3,4
4274,4,3,4
4275,4,3,4
4276,4,3,4
4277,4,3,4
4278,4,3,4
4279,4,3,4
4280,4,3,4
4281,4,3,4
4282,4,3,4
4283,4,3,4
4284,4,3,4
4285,4,3,4
4286,4,3,4
4287,4,3,4
4288,4,3,4
4289,4,3,4
4290,4,3,4
4291,4,3,4
4292,4,3,4
4293,4,3,4
4294,4,3,4
4295,4,3,4
4296,4,3,4
4297,4,3,4
4298,4,3,4
4299,4,3,4
4300,4,3,4
4301,4,3,4
4302,4,3,4
4303,4,3,4
4304,4,3,4
4305,4,3,4
4306,4,3,4
4307,4,3,4
4308,4,3,4
4309,4,3,4
4310,4,3,4
4311,4,3,4
4312,4,3,4
4313,4,3,4
4314,4,3,4
4315,4,3,4
4316,4,3,4
4317,4,3,4
4318,4,3,4
4319,4,3,4
4320,4,3,4
4321,4,3,4
4322,4,3,4
4323,4,3,4
4324,4,3,4
4325,4,3,4
4326,4,3,4
4327,4,3,4
4328,4,3,4
4329,4,3,4
4330,4,3,4
4331,4,3,4
4332,4,3,4
4333,4,3,4
4334,4,3,4
4335,4,3,4
4336,4,3,4
4337,4,3,4
4338,4,3,4
4339,4,3,4
4340,4,3,4
4341,4,3,4
4342,4,3,4
4343,4,3,4
4344,4,3,4
4345,4,3,4
4346,4,3,4
4347,4,3,4
4348,4,3,4
4349,4,3,4
4350,4,3,4
4351,4,3,4
4352,4,3,4
4353,4,3,4
4354,4,3,4
4355,4,3,4
4356,4,3,4
4357,4,3,4
4358,4,3,4
4359,4,3,4
4360,4,3,4
4361,4,3,4
4362,4,3,4
4363,4,3,4
4364,4,3,4
4365,4,3,4
4366,4,3,4
4367,4,3,4
4368,4,3,4
4369,4,3,4
4370,4,3,4
4371,4,3,4
4372,4,3,4
4373,4,3,4
4374,4,3,4
4375,4,3,4
4376,4,3,4
4377,4,3,4
4378,4,3,4
4379,4,3,4
4380,4,3,4
4381,4,3,4
4382,4,3,4
4383,4,3,4
4384,4,3,4
4385,4,3,4
4386,4,3,4
4387,4,3,4
4388,4,3,4
4389,4,3,4
4390,4,3,4
4391,4,3,4
4392,4,3,4
4393,4,3,4
4394,4,3,4
4395,4,3,4
4396,4,3,4
4397,4,3,4
4398,4,3,4
4399,4,3,4
4400,4,3,4
4401,4,3,4
4402,4,3,4
4403,4,3,4
4404,4,3,4
4405,4,3,4
4406,4,3,4
4407,4,3,4
4408,4,3,4
4409,4,3,4
4410,4,3,4
4411,4,3,4
4412,4,3,4
4413,4,3,4
4414,4,3,4
4415,4,3,4
4416,4,3,4
4417,4,3,4
4418,4,3,4
4419,4,3,4
4420,4,3,4
4421,4,3,4
4422,4,3,4
4423,4,3,4
4424,4,3,4
4425,4,3,4
4426,4,3,4
4427,4,3,4
4428,4,3,4
4429,4,3,4
4430,4,3,4
4431,4,3,4
4432,4,3,4
4433,4,3,4
4434,4,3,4
4435,4,3,4
4436,4,3,4
4437,4,3,4
4438,4,3,4
4439,4,3,4
4440,4,3,4
4441,4,3,4
4442,4,3,4
4443,4,3,4
4444,4,3,4
4445,4,3,4
4446,4,3,4
4447,4,3,4
4448,4,3,4
4449,4,3,4
4450,4,3,4
4451,4,3,4
4452,4,3,4
4453,4,3,4
4454,4,3,4
4455,4,3,4
4456,4,3,4
4457,4,3,4
4458,4,3,4
4459,4,3,4
4460,4,3,4
4461,4,3,4
4462,4,3,4
4463,4,3,4
4464,4,3,4
4465,4,3,4
4466,4,3,4
4467,4,3,4
4468,4,3,4
4469,4,3,4
4470,4,3,4
4471,4,3,4
4472,4,3,4
4473,4,3,4
4474,4,3,4
4475,4,3,4
4476,4,3,4
4477,4,3,4
4478,4,3,4
4479,4,3,4
4480,4,3,4
4481,4,3,4
4482,4,3,4
4483,4,3,4
4484,4,3,4
4485,4,3,4
4486,4,3,4
4487,4,3,4
4488,4,3,4
4489,4,3,4
4490,4,3,4
4491,4,3,4
4492,4,3,4
4493,4,3,4
4494,4,3,4
4495,4,3,4
4496,4,3,4
4497,4,3,4
4498,4,3,4
4499,4,3,4
4500,4,3,4
4501,4,3,4
4502,4,3,4
4503,4,3,4
4504,4,3,4
4505,4,3,4
4506,4,3,4
4507,4,3,4
4508,4,3,4
4509,4,3,4
4510,4,3,4
4511,4,3,4
4512,4,3,4
4513,4,3,4
4514,4,3,4
4515,4,3,4
4516,4,3,4
4517,4,3,4
4518,4,3,4
4519,4,3,4
4520,4,3,4
4521,4,3,4
4522,4,3,4
4523,4,3,4
4524,4,3,4
4525,4,3,4
4526,4,3,4
4527,4,3,4
4528,4,3,4
4529,4,3,4
4530,4,3,4
4531,4,3,4
4532,4,3,4
4533,4,3,4
4534,4,3,4
4535,4,3,4
4536,4,3,4
4537,4,3,4
4538,4,3,4
4539,4,3,4
4540,4,3,4
4541,4,3,4
4542,4,3,4
4543,4,3,4
4544,4,3,4
4545,4,3,4
4546,4,3,4
4547,4,3,4
4548,4,3,4
4549,4,3,4
4550,4,3,4
4551,4,3,4
4552,4,3,4
4553,4,3,4
4554,4,3,4
4555,4,3,4
4556,4,3,4
4557,4,3,4
4558,4,3,4
4559,4,3,4
4560,4,3,4
4561,4,3,4
4562,4,3,4
4563,4,3,4
4564,4,3,4
4565,4,3,4
4566,4,3,4
4567,4,3,4
4568,4,3,4
4569,4,3,4
4570,4,3,4
4571,4,3,4
4572,4,3,4
4573,4,3,4
4574,4,3,4
4575,4,3,4
4576,4,3,4
4577,4,3,4
4578,4,3,4
4579,4,3,4
4580,4,3,4
4581,4,3,4
4582,4,3,4
4583,4,3,4
4584,4,3,4
4585,4,3,4
4586,4,3,4
4587,4,3,4
4588,4,3,4
4589,4,3,4
4590,4,3,4
4591,4,3,4
4592,4,3,4
4593,4,3,4
4594,4,3,4
4595,4,3,4
4596,4,3,4
4597,4,3,4
4598,4,3,4
4599,4,3,4
4600,4,3,4
4601,4,3,4
4602,4,3,4
4603,4,3,4
4604,4,3,4
4605,4,3,4
4606,4,3,4
4607,4,3,4
4608,4,3,4
4609,4,3,4
4610,4,3,4
4611,4,3,4
4612,4,3,4
4613,4,3,4
4614,4,3,4
4615,4,3,4
4616,4,3,4
4617,4,3,4
4618,4,3,4
4619,4,3,4
4620,4,3,4
4621,4,3,4
4622,4,3,4
4623,4,3,4
4624,4,3,4
4625,4,3,4
4626,4,3,4
4627,4,3,4
4628,4,3,4
4629,4,3,4
4630,4,3,4
4631,4,3,4
4632,4,3,4
4633,4,3,4
4634,4,3,4
4635,4,3,4
4636,4,3,4
4637,4,3,4
4638,4,3,4
4639,4,3,4
4640,4,3,4
4641,4,3,4
4642,4,3,4
4643,4,3,4
4644,4,3,4
4645,4,3,4
4646,4,3,4
4647,4,3,4
4648,4,3,4
4649,4,3,4
4650,4,3,4
4651,4,3,4
4652,4,3,4
4653,4,3,4
4654,4,3,4
4655,4,3,4
4656,4,3,4
4657,4,3,4
4658,4,3,4
4659,4,3,4
4660,4,3,4
4661,4,3,4
4662,4,3,4
4663,4,3,4
4664,4,3,4
4665,4,3,4
4666,4,3,4
4667,4,3,4
4668,4,3,4
4669,4,3,4
4670,4,3,4
4671,4,3,4
4672,4,3,4
4673,4,3,4
4674,4,3,4
4675,4,3,4
4676,4,3,4
4677,4,3,4
4678,4,3,4
4679,4,3,4
4680,4,3,4
4681,4,3,4
4682,4,3,4
4683,4,3,4
4684,4,3,4
4685,4,3,4
4686,4,3,4
4687,4,3,4
4688,4,3,4
4689,4,3,4
4690,4,3,4
4691,4,3,4
4692,4,3,4
4693,4,3,4
4694,4,3,4
4695,4,3,4
4696,4,3,4
4697,4,3,4
4698,4,3,4
4699,4,3,4
4700,4,3,4
4701,4,3,4
4702,4,3,4
4703,4,3,4
4704,4,3,4
4705,4,3,4
4706,4,3,4
4707,4,3,4
4708,4,3,4
4709,4,3,4
4710,4,3,4
4711,4,3,4
4712,4,3,4
4713,4,3,4
4714,4,3,4
4715,4,3,4
4716,4,3,4
4717,4,3,4
4718,4,3,4
4719,4,3,4
4720,4,3,4
4721,4,3,4
4722,4,3,4
4723,4,3,4
4724,4,3,4
4725,4,3,4
4726,4,3,4
4727,4,3,4
4728,4,3,4
4729,4,3,4
4730,4,3,4
4731,4,3,4
4732,4,3,4
4733,4,3,4
4734,4,3,4
4735,4,3,4
4736,4,3,4
4737,4,3,4
4738,4,3,4
4739,4,3,4
4740,4,3,4
4741,4,3,4
4742,4,3,4
4743,4,3,4
4744,4,3,4
4745,4,3,4
4746,4,3,4
4747,4,3,4
4748,4,3,4
4749,4,3,4
4750,4,3,4
4751,4,3,4
4752,4,3,4
4753,4,3,4
4754,4,3,4
4755,4,3,4
4756,4,3,4
4757,4,3,4
4758,4,3,4
4759,4,3,4
4760,4,3,4
4761,4,3,4
4762,4,3,4
4763,4,3,4
4764,4,3,4
4765,4,3,4
4766,4,3,4
4767,4,3,4
4768,4,3,4
4769,4,3,4
4770,4,3,4
4771,4,3,4
4772,4,3,4
4773,4,3,4
4774,4,3,4
4775,4,3,4
4776,4,3,4
4777,4,3,4
4778,4,3,4
4779,4,3,4
4780,4,3,4
4781,4,3,4
4782,4,3,4
4783,4,3,4
4784,4,3,4
4785,4,3,4
4786,4,3,4
4787,4,3,4
4788,4,3,4
4789,4,3,4
4790,4,3,4
4791,4,3,4
4792,4,3,4
4793,4,3,4
4794,4,3,4
4795,4,3,4
4796,4,3,4
4797,4,3,4
4798,4,3,4
4799,4,3,4
4800,4,3,4
4801,4,3,4
4802,4,3,4
4803,4,3,4
4804,4,3,4
4805,4,3,4
4806,4,3,4
4807,4,3,4
4808,4,3,4
4809,4,3,4
4810,4,3,4
4811,4,3,4
4812,4,3,4
4813,4,3,4
4814,4,3,4
4815,4,3,4
4816,4,3,4
4817,4,3,4
4818,4,3,4
4819,4,3,4
4820,4,3,4
4821,4,3,4
4822,4,3,4
4823,4,3,4
4824,4,3,4
4825,4,3,4
4826,4,3,4
4827,4,3,4
4828,4,3,4
4829,4,3,4
4830,4,3,4
4831,4,3,4
4832,4,3,4
4833,4,3,4
4834,4,3,4
4835,4,3,4
4836,4,3,4
4837,4,3,4
4838,4,3,4
4839,4,3,4
4840,4,3,4
4841,4,3,4
4842,4,3,4
4843,4,3,4
4844,4,3,4
4845,4,3,4
4846,4,3,4
4847,4,3,4
4848,4,3,4
4849,4,3,4
4850,4,3,4
4851,4,3,4
4852,4,3,4
4853,4,3,4
4854,4,3,4
4855,4,3,4
4856,4,3,4
4857,4,3,4
4858,4,3,4
4859,4,3,4
4860,4,3,4
4861,4,3,4
4862,4,3,4
4863,4,3,4
4864,4,3,4
4865,4,3,4
4866,4,3,4
4867,4,3,4
4868,4,3,4
4869,4,3,4
4870,4,3,4
4871,4,3,4
4872,4,3,4
4873,4,3,4
4874,4,3,4
4875,4,3,4
4876,4,3,4
4877,4,3,4
4878,4,3,4
4879,4,3,4
4880,4,3,4
4881,4,3,4
4882,4,3,4
4883,4,3,4
4884,4,3,4
4885,4,3,4
4886,4,3,4
4887,4,3,4
4888,4,3,4
4889,4,3,4
4890,4,3,4
4891,4,3,4
4892,4,3,4
4893,4,3,4
4894,4,3,4
4895,4,3,4
4896,4,3,4
4897,4,3,4
4898,4,3,4
4899,4,3,4
4900,4,3,4
4901,4,3,4
4902,4,3,4
4903,4,3,4
4904,4,3,4
4905,4,3,4
4906,4,3,4
4907,4,3,4
4908,4,3,4
4909,4,3,4
4910,4,3,4
4911,4,3,4
4912,4,3,4
4913,4,3,4
4914,4,3,4
4915,4,3,4
4916,4,3,4
4917,4,3,4
4918,4,3,4
4919,4,3,4
4920,4,3,4
4921,4,3,4
4922,4,3,4
4923,4,3,4
4924,4,3,4
4925,4,3,4
4926,4,3,4
4927,4,3,4
4928,4,3,4
4929,4,3,4
4930,4,3,4
4931,4,3,4
4932,4,3,4
4933,4,3,4
4934,4,3,4
4935,4,3,4
4936,4,3,4
4937,4,3,4
4938,4,3,4
4939,4,3,4
4940,4,3,4
4941,4,3,4
4942,4,3,4
4943,4,3,4
4944,4,3,4
4945,4,3,4
4946,4,3,4
4947,4,3,4
4948,4,3,4
4949,4,3,4
4950,4,3,4
4951,4,3,4
4952,4,3,4
4953,4,3,4
4954,4,3,4
4955,4,3,4
4956,4,3,4
4957,4,3,4
4958,4,3,4
4959,4,3,4
4960,4,3,4
4961,4,3,4
4962,4,3,4
4963,4,3,4
4964,4,3,4
4965,4,3,4
4966,4,3,4
4967,4,3,4
4968,4,3,4
4969,4,3,4
4970,4,3,4
4971,4,3,4
4972,4,3,4
4973,4,3,4
4974,4,3,4
4975,4,3,4
4976,4,3,4
4977,4,3,4
4978,4,3,4
4979,4,3,4
4980,4,3,4
4981,4,3,4
4982,4,3,4
4983,4,3,4
4984,4,3,4
4985,4,3,4
4986,4,3,4
4987,4,3,4
4988,4,3,4
4989,4,3,4
4990,4,3,4
4991,4,3,4
4992,4,3,4
4993,4,3,4
4994,4,3,4
4995,4,3,4
4996,4,3,4
4997,4,3,4
4998,4,3,4
4999,4,3,4
5000,5,2,5
5001,5,2,5
5002,5,2,5
5003,5,2,5
5004,5,2,5
5005,5,2,5
5006,5,2,5
5007,5,2,5
5008,5,2,5
5009,5,2,5
5010,5,2,5
5011,5,2,5
5012,5,2,5
5013,5,2,5
5014,5,2,5
5015,5,2,5
5016,5,2,5
5017,5,2,5
5018,5,2,5
5019,5,2,5
5020,5,2,5
5021,5,2,5
5022,5,2,5
5023,5,2,5
5024,5,2,5
5025,5,2,5
5026,5,2,5
5027,5,2,5
5028,5,2,5
5029,5,2,5
5030,5,2,5
5031,5,2,5
5032,5,2,5
5033,5,2,5
5034,5,2,5
5035,5,2,5
5036,5,2,5
5037,5,2,5
5038,5,2,5
5039,5,2,5
5040,5,2,5
5041,5,2,5
5042,5,2,5
5043,5,2,5
5044,5,2,5
5045,5,2,5
5046,5,2,5
5047,5,2,5
5048,5,2,5
5049,5,2,5
5050,5,2,5
5051,5,2,5
5052,5,2,5
5053,5,2,5
5054,5,2,5
5055,5,2,5
5056,5,2,5
5057,5,2,5
5058,5,2,5
5059,5,2,5
5060,5,2,5
5061,5,2,5
5062,5,2,5
5063,5,2,5
5064,5,2,5
5065,5,2,5
5066,5,2,5
5067,5,2,5
5068,5,2,5
5069,5,2,5
5070,5,2,5
5071,5,2,5
5072,5,2,5
5073,5,2,5
5074,5,2,5
5075,5,2,5
5076,5,2,5
5077,5,2,5
5078,5,2,5
5079,5,2,5
5080,5,2,5
5081,5,2,5
5082,5,2,5
5083,5,2,5
5084,5,2,5
5085,5,2,5
5086,5,2,5
5087,5,2,5
5088,5,2,5
5089,5,2,5
5090,5,2,5
5091,5,2,5
5092,5,2,5
5093,5,2,5
5094,5,2,5
5095,5,2,5
5096,5,2,5
5097,5,2,5
5098,5,2,5
5099,5,2,5
5100,5,2,5
5101,5,2,5
5102,5,2,5
5103,5,2,5
5104,5,2,5
5105,5,2,5
5106,5,2,5
5107,5,2,5
5108,5,2,5
5109,5,2,5
5110,5,2,5
5111,5,2,5
5112,5,2,5
5113,5,2,5
5114,5,2,5
5115,5,2,5
5116,5,2,5
5117,5,2,5
5118,5,2,5
5119,5,2,5
5120,5,2,5
5121,5,2,5
5122,5,2,5
5123,5,2,5
5124,5,2,5
5125,5,2,5
5126,5,2,5
5127,5,2,5
5128,5,2,5
5129,5,2,5
5130,5,2,5
5131,5,2,5
5132,5,2,5
5133,5,2,5
5134,5,2,5
5135,5,2,5
5136,5,2,5
5137,5,2,5
5138,5,2,5
5139,5,2,5
5140,5,2,5
5141,5,2,5
5142,5,2,5
5143,5,2,5
5144,5,2,5
5145,5,2,5
5146,5,2,5
5147,5,2,5
5148,5,2,5
5149,5,2,5
5150,5,2,5
5151,5,2,5
5152,5,2,5
5153,5,2,5
5154,5,2,5
5155,5,2,5
5156,5,2,5
5157,5,2,5
5158,5,2,5
5159,5,2,5
5160,5,2,5
5161,5,2,5
5162,5,2,5
5163,5,2,5
5164,5,2,5
5165,5,2,5
5166,5,2,5
5167,5,2,5
5168,5,2,5
5169,5,2,5
5170,5,2,5
5171,5,2,5
5172,5,2,5
5173,5,2,5
5174,5,2,5
5175,5,2,5
5176,5,2,5
5177,5,2,5
5178,5,2,5
5179,5,2,5
5180,5,2,5
5181,5,2,5
5182,5,2,5
5183,5,2,5
5184,5,2,5
5185,5,2,5
5186,5,2,5
5187,5,2,5
5188,5,2,5
5189,5,2,5
5190,5,2,5
5191,5,2,5
5192,5,2,5
5193,5,2,5
5194,5,2,5
5195,5,2,5
5196,5,2,5
5197,5,2,5
5198,5,2,5
5199,5,2,5
5200,5,2,5
5201,5,2,5
5202,5,2,5
5203,5,2,5
5204,5,2,5
5205,5,2,5
5206,5,2,5
5207,5,2,5
5208,5,2,5
5209,5,2,5
5210,5,2,5
5211,5,2,5
5212,5,2,5
5213,5,2,5
5214,5,2,5
5215,5,2,5
5216,5,2,5
5217,5,2,5
5218,5,2,5
5219,5,2,5
5220,5,2,5
5221,5,2,5
5222,5,2,5
5223,5,2,5
5224,5,2,5
5225,5,2,5
5226,5,2,5
5227,5,2,5
5228,5,2,5
5229,5,2,5
5230,5,2,5
5231,5,2,5
5232,5,2,5
5233,5,2,5
5234,5,2,5
5235,5,2,5
5236,5,2,5
5237,5,2,5
5238,5,2,5
5239,5,2,5
5240,5,2,5
5241,5,2,5
5242,5,2,5
5243,5,2,5
5244,5,2,5
5245,5,2,5
5246,5,2,5
5247,5,2,5
5248,5,2,5
5249,5,2,5
5250,5,2,5
5251,5,2,5
5252,5,2,5
5253,5,2,5
5254,5,2,5
5255,5,2,5
5256,5,2,5
5257,5,2,5
5258,5,2,5
5259,5,2,5
5260,5,2,5
5261,5,2,5
5262,5,2,5
5263,5,2,5
5264,5,2,5
5265,5,2,5
5266,5,2,5
5267,5,2,5
5268,5,2,5
5269,5,2,5
5270,5,2,5
5271,5,2,5
5272,5,2,5
5273,5,2,5
5274,5,2,5
5275,5,2,5
5276,5,2,5
5277,5,2,5
5278,5,2,5
5279,5,2,5
5280,5,2,5
5281,5,2,5
5282,5,2,5
5283,5,2,5
5284,5,2,5
5285,5,2,5
5286,5,2,5
5287,5,2,5
5288,5,2,5
5289,5,2,5
5290,5,2,5
5291,5,2,5
5292,5,2,5
5293,5,2,5
5294,5,2,5
5295,5,2,5
5296,5,2,5
5297,5,2,5
5298,5,2,5
5299,5,2,5
5300,5,2,5
5301,5,2,5
5302,5,2,5
5303,5,2,5
5304,5,2,5
5305,5,2,5
5306,5,2,5
5307,5,2,5
5308,5,2,5
5309,5,2,5
5310,5,2,5
5311,5,2,5
5312,5,2,5
5313,5,2,5
5314,5,2,5
5315,5,2,5
5316,5,2,5
5317,5,2,5
5318,5,2,5
5319,5,2,5
5320,5,2,5
5321,5,2,5
5322,5,2,5
5323,5,2,5
5324,5,2,5
5325,5,2,5
5326,5,2,5
5327,5,2,5
5328,5,2,5
5329,5,2,5
5330,5,2,5
5331,5,2,5
5332,5,2,5
5333,5,2,5
5334,5,2,5
5335,5,2,5
5336,5,2,5
5337,5,2,5
5338,5,2,5
5339,5,2,5
5340,5,2,5
5341,5,2,5
5342,5,2,5
5343,5,2,5
5344,5,2,5
5345,5,2,5
5346,5,2,5
5347,5,2,5
5348,5,2,5
5349,5,2,5
5350,5,2,5
5351,5,2,5
5352,5,2,5
5353,5,2,5
5354,5,2,5
5355,5,2,5
5356,5,2,5
5357,5,2,5
5358,5,2,5
5359,5,2,5
5360,5,2,5
5361,5,2,5
5362,5,2,5
5363,5,2,5
5364,5,2,5
5365,5,2,5
5366,5,2,5
5367,5,2,5
5368,5,2,5
5369,5,2,5
5370,5,2,5
5371,5,2,5
5372,5,2,5
5373,5,2,5
5374,5,2,5
5375,5,2,5
5376,5,2,5
5377,5,2,5
5378,5,2,5
5379,5,2,5
5380,5,2,5
5381,5,2,5
5382,5,2,5
5383,5,2,5
5384,5,2,5
5385,5,2,5
5386,5,2,5
5387,5,2,5
5388,5,2,5
5389,5,2,5
5390,5,2,5
5391,5,2,5
5392,5,2,5
5393,5,2,5
5394,5,2,5
5395,5,2,5
5396,5,2,5
5397,5,2,5
5398,5,2,5
5399,5,2,5
5400,5,2,5
5401,5,2,5
5402,5,2,5
5403,5,2,5
5404,5,2,5
5405,5,2,5
5406,5,2,5
5407,5,2,5
5408,5,2,5
5409,5,2,5
5410,5,2,5
5411,5,2,5
5412,5,2,5
5413,5,2,5
5414,5,2,5
5415,5,2,5
5416,5,2,5
5417,5,2,5
5418,5,2,5
5419,5,2,5
5420,5,2,5
5421,5,2,5
5422,5,2,5
5423,5,2,5
5424,5,2,5
5425,5,2,5
5426,5,2,5
5427,5,2,5
5428,5,2,5
5429,5,2,5
5430,5,2,5
5431,5,2,5
5432,5,2,5
5433,5,2,5
5434,5,2,5
5435,5,2,5
5436,5,2,5
5437,5,2,5
5438,5,2,5
5439,5,2,5
5440,5,2,5
5441,5,2,5
5442,5,2,5
5443,5,2,5
5444,5,2,5
5445,5,2,5
5446,5,2,5
5447,5,2,5
5448,5,2,5
5449,5,2,5
5450,5,2,5
5451,5,2,5
5452,5,2,5
5453,5,2,5
5454,5,2,5
5455,5,2,5
5456,5,2,5
5457,5,2,5
5458,5,2,5
5459,5,2,5
5460,5,2,5
5461,5,2,5
5462,5,2,5
5463,5,2,5
5464,5,2,5
5465,5,2,5
5466,5,2,5
5467,5,2,5
5468,5,2,5
5469,5,2,5
5470,5,2,5
5471,5,2,5
5472,5,2,5
5473,5,2,5
5474,5,2,5
5475,5,2,5
5476,5,2,5
5477,5,2,5
5478,5,2,5
5479,5,2,5
5480,5,2,5
5481,5,2,5
5482,5,2,5
5483,5,2,5
5484,5,2,5
5485,5,2,5
5486,5,2,5
5487,5,2,5
5488,5,2,5
5489,5,2,5
5490,5,2,5
5491,5,2,5
5492,5,2,5
5493,5,2,5
5494,5,2,5
5495,5,2,5
5496,5,2,5
5497,5,2,5
5498,5,2,5
5499,5,2,5
5500,5,2,5
5501,5,2,5
5502,5,2,5
5503,5,2,5
5504,5,2,5
5505,5,2,5
5506,5,2,5
5507,5,2,5
5508,5,2,5
5509,5,2,5
5510,5,2,5
5511,5,2,5
5512,5,2,5
5513,5,2,5
5514,5,2,5
5515,5,2,5
5516,5,2,5
5517,5,2,5
5518,5,2,5
5519,5,2,5
5520,5,2,5
5521,5,2,5
5522,5,2,5
5523,5,2,5
5524,5,2,5
5525,5,2,5
5526,5,2,5
5527,5,2,5
5528,5,2,5
5529,5,2,5
5530,5,2,5
5531,5,2,5
5532,5,2,5
5533,5,2,5
5534,5,2,5
5535,5,2,5
5536,5,2,5
5537,5,2,5
5538,5,2,5
5539,5,2,5
5540,5,2,5
5541,5,2,5
5542,5,2,5
5543,5,2,5
5544,5,2,5
5545,5,2,5
5546,5,2,5
5547,5,2,5
5548,5,2,5
5549,5,2,5
5550,5,2,5
5551,5,2,5
5552,5,2,5
5553,5,2,5
5554,5,2,5
5555,5,2,5
5556,5,2,5
5557,5,2,5
5558,5,2,5
5559,5,2,5
5560,5,2,5
5561,5,2,5
5562,5,2,5
5563,5,2,5
5564,5,2,5
5565,5,2,5
5566,5,2,5
5567,5,2,5
5568,5,2,5
5569,5,2,5
5570,5,2,5
5571,5,2,5
5572,5,2,5
5573,5,2,5
5574,5,2,5
5575,5,2,5
5576,5,2,5
5577,5,2,5
5578,5,2,5
5579,5,2,5
5580,5,2,5
5581,5,2,5
5582,5,2,5
5583,5,2,5
5584,5,2,5
5585,5,2,5
5586,5,2,5
5587,5,2,5
5588,5,2,5
5589,5,2,5
5590,5,2,5
5591,5,2,5
5592,5,2,5
5593,5,2,5
5594,5,2,5
5595,5,2,5
5596,5,2,5
5597,5,2,5
5598,5,2,5
5599,5,2,5
5600,5,2,5
5601,5,2,5
5602,5,2,5
5603,5,2,5
5604,5,2,5
5605,5,2,5
5606,5,2,5
5607,5,2,5
5608,5,2,5
5609,5,2,5
5610,5,2,5
5611,5,2,5
5612,5,2,5
5613,5,2,5
5614,5,2,5
5615,5,2,5
5616,5,2,5
5617,5,2,5
5618,5,2,5
5619,5,2,5
5620,5,2,5
5621,5,2,5
5622,5,2,5
5623,5,2,5
5624,5,2,5
5625,5,2,5
5626,5,2,5
5627,5,2,5
5628,5,2,5
5629,5,2,5
5630,5,2,5
5631,5,2,5
5632,5,2,5
5633,5,2,5
5634,5,2,5
5635,5,2,5
5636,5,2,5
5637,5,2,5
5638,5,2,5
5639,5,2,5
5640,5,2,5
5641,5,2,5
5642,5,2,5
5643,5,2,5
5644,5,2,5
5645,5,2,5
5646,5,2,5
5647,5,2,5
5648,5,2,5
5649,5,2,5
5650,5,2,5
5651,5,2,5
5652,5,2,5
5653,5,2,5
5654,5,2,5
5655,5,2,5
5656,5,2,5
5657,5,2,5
5658,5,2,5
5659,5,2,5
5660,5,2,5
5661,5,2,5
5662,5,2,5
5663,5,2,5
5664,5,2,5
5665,5,2,5
5666,5,2,5
5667,5,2,5
5668,5,2,5
5669,5,2,5
5670,5,2,5
5671,5,2,5
5672,5,2,5
5673,5,2,5
5674,5,2,5
5675,5,2,5
5676,5,2,5
5677,5,2,5
5678,5,2,5
5679,5,2,5
5680,5,2,5
5681,5,2,5
5682,5,2,5
5683,5,2,5
5684,5,2,5
5685,5,2,5
5686,5,2,5
5687,5,2,5
5688,5,2,5
5689,5,2,5
5690,5,2,5
5691,5,2,5
5692,5,2,5
5693,5,2,5
5694,5,2,5
5695,5,2,5
5696,5,2,5
5697,5,2,5
5698,5,2,5
5699,5,2,5
5700,5,2,5
5701,5,2,5
5702,5,2,5
5703,5,2,5
5704,5,2,5
5705,5,2,5
5706,5,2,5
5707,5,2,5
5708,5,2,5
5709,5,2,5
5710,5,2,5
5711,5,2,5
5712,5,2,5
5713,5,2,5
5714,5,2,5
5715,5,2,5
5716,5,2,5
5717,5,2,5
5718,5,2,5
5719,5,2,5
5720,5,2,5
5721,5,2,5
5722,5,2,5
5723,5,2,5
5724,5,2,5
5725,5,2,5
5726,5,2,5
5727,5,2,5
5728,5,2,5
5729,5,2,5
5730,5,2,5
5731,5,2,5
5732,5,2,5
5733,5,2,5
5734,5,2,5
5735,5,2,5
5736,5,2,5
5737,5,2,5
5738,5,2,5
5739,5,2,5
5740,5,2,5
5741,5,2,5
5742,5,2,5
5743,5,2,5
5744,5,2,5
5745,5,2,5
5746,5,2,5
5747,5,2,5
5748,5,2,5
5749,5,2,5
5750,5,2,5
5751,5,2,5
5752,5,2,5
5753,5,2,5
5754,5,2,5
5755,5,2,5
5756,5,2,5
5757,5,2,5
5758,5,2,5
5759,5,2,5
5760,5,2,5
5761,5,2,5
5762,5,2,5
5763,5,2,5
5764,5,2,5
5765,5,2,5
5766,5,2,5
5767,5,2,5
5768,5,2,5
5769,5,2,5
5770,5,2,5
5771,5,2,5
5772,5,2,5
5773,5,2,5
5774,5,2,5
5775,5,2,5
5776,5,2,5
5777,5,2,5
5778,5,2,5
5779,5,2,5
5780,5,2,5
5781,5,2,5
5782,5,2,5
5783,5,2,5
5784,5,2,5
5785,5,2,5
5786,5,2,5
5787,5,2,5
5788,5,2,5
5789,5,2,5
5790,5,2,5
5791,5,2,5
5792,5,2,5
5793,5,2,5
5794,5,2,5
5795,5,2,5
5796,5,2,5
5797,5,2,5
5798,5,2,5
5799,5,2,5
5800,5,2,5
5801,5,2,5
5802,5,2,5
5803,5,2,5
5804,5,2,5
5805,5,2,5
5806,5,2,5
5807,5,2,5
5808,5,2,5
5809,5,2,5
5810,5,2,5
5811,5,2,5
5812,5,2,5
5813,5,2,5
5814,5,2,5
5815,5,2,5
5816,5,2,5
5817,5,2,5
5818,5,2,5
5819,5,2,5
5820,5,2,5
5821,5,2,5
5822,5,2,5
5823,5,2,5
5824,5,2,5
5825,5,2,5
5826,5,2,5
5827,5,2,5
5828,5,2,5
5829,5,2,5
5830,5,2,5
5831,5,2,5
5832,5,2,5
5833,5,2,5
5834,5,2,5
5835,5,2,5
5836,5,2,5
5837,5,2,5
5838,5,2,5
5839,5,2,5
5840,5,2,5
5841,5,2,5
5842,5,2,5
5843,5,2,5
5844,5,2,5
5845,5,2,5
5846,5,2,5
5847,5,2,5
5848,5,2,5
5849,5,2,5
5850,5,2,5
5851,5,2,5
5852,5,2,5
5853,5,2,5
5854,5,2,5
5855,5,2,5
5856,5,2,5
5857,5,2,5
5858,5,2,5
5859,5,2,5
5860,5,2,5
5861,5,2,5
5862,5,2,5
5863,5,2,5
5864,5,2,5
5865,5,2,5
5866,5,2,5
5867,5,2,5
5868,5,2,5
5869,5,2,5
5870,5,2,5
5871,5,2,5
5872,5,2,5
5873,5,2,5
5874,5,2,5
5875,5,2,5
5876,5,2,5
5877,5,2,5
5878,5,2,5
5879,5,2,5
5880,5,2,5
5881,5,2,5
5882,5,2,5
5883,5,2,5
5884,5,2,5
5885,5,2,5
5886,5,2,5
5887,5,2,5
5888,5,2,5
5889,5,2,5
5890,5,2,5
5891,5,2,5
5892,5,2,5
5893,5,2,5
5894,5,2,5
5895,5,2,5
5896,5,2,5
5897,5,2,5
5898,5,2,5
5899,5,2,5
5900,5,2,5
5901,5,2,5
5902,5,2,5
5903,5,2,5
5904,5,2,5
5905,5,2,5
5906,5,2,5
5907,5,2,5
5908,5,2,5
5909,5,2,5
5910,5,2,5
5911,5,2,5
5912,5,2,5
5913,5,2,5
5914,5,2,5
5915,5,2,5
5916,5,2,5
5917,5,2,5
5918,5,2,5
5919,5,2,5
5920,5,2,5
5921,5,2,5
5922,5,2,5
5923,5,2,5
5924,5,2,5
5925,5,2,5
5926,5,2,5
5927,5,2,5
5928,5,2,5
5929,5,2,5
5930,5,2,5
5931,5,2,5
5932,5,2,5
5933,5,2,5
5934,5,2,5
5935,5,2,5
5936,5,2,5
5937,5,2,5
5938,5,2,5
5939,5,2,5
5940,5,2,5
5941,5,2,5
5942,5,2,5
5943,5,2,5
5944,5,2,5
5945,5,2,5
5946,5,2,5
5947,5,2,5
5948,5,2,5
5949,5,2,5
5950,5,2,5
5951,5,2,5
5952,5,2,5
5953,5,2,5
5954,5,2,5
5955,5,2,5
5956,5,2,5
5957,5,2,5
5958,5,2,5
5959,5,2,5
5960,5,2,5
5961,5,2,5
5962,5,2,5
5963,5,2,5
5964,5,2,5
5965,5,2,5
5966,5,2,5
5967,5,2,5
5968,5,2,5
5969,5,2,5
5970,5,2,5
5971,5,2,5
5972,5,2,5
5973,5,2,5
5974,5,2,5
5975,5,2,5
5976,5,2,5
5977,5,2,5
5978,5,2,5
5979,5,2,5
5980,5,2,5
5981,5,2,5
5982,5,2,5
5983,5,2,5
5984,5,2,5
5985,5,2,5
5986,5,2,5
5987,5,2,5
5988,5,2,5
5989,5,2,5
5990,5,2,5
5991,5,2,5
5992,5,2,5
5993,5,2,5
5994,5,2,5
5995,5,2,5
5996,5,2,5
5997,5,2,5
5998,5,2,5
5999,5,2,5
6000,5,2,5
6001,5,2,5
6002,5,2,5
6003,5,2,5
6004,5,2,5
6005,5,2,5
6006,5,2,5
6007,5,2,5
6008,5,2,5
6009,5,2,5
6010,5,2,5
6011,5,2,5
6012,5,2,5
6013,5,2,5
6014,5,2,5
6015,5,2,5
6016,5,2,5
6017,5,2,5
6018,5,2,5
6019,5,2,5
6020,5,2,5
6021,5,2,5
6022,5,2,5
6023,5,2,5
6024,5,2,5
6025,5,2,5
6026,5,2,5
6027,5,2,5
6028,5,2,5
6029,5,2,5
6030,5,2,5
6031,5,2,5
6032,5,2,5
6033,5,2,5
6034,5,2,5
6035,5,2,5
6036,5,2,5
6037,5,2,5
6038,5,2,5
6039,5,2,5
6040,5,2,5
6041,5,2,5
6042,5,2,5
6043,5,2,5
6044,5,2,5
6045,5,2,5
6046,5,2,5
6047,5,2,5
6048,5,2,5
6049,5,2,5
6050,5,2,5
6051,5,2,5
6052,5,2,5
6053,5,2,5
6054,5,2,5
6055,5,2,5
6056,5,2,5
6057,5,2,5
6058,5,2,5
6059,5,2,5
6060,5,2,5
6061,5,2,5
6062,5,2,5
6063,5,2,5
6064,5,2,5
6065,5,2,5
6066,5,2,5
6067,5,2,5
6068,5,2,5
6069,5,2,5
6070,5,2,5
6071,5,2,5
6072,5,2,5
6073,5,2,5
6074,5,2,5
6075,5,2,5
6076,5,2,5
6077,5,2,5
6078,5,2,5
6079,5,2,5
6080,5,2,5
6081,5,2,5
6082,5,2,5
6083,5,2,5
6084,5,2,5
6085,5,2,5
6086,5,2,5
6087,5,2,5
6088,5,2,5
6089,5,2,5
6090,5,2,5
6091,5,2,5
6092,5,2,5
6093,5,2,5
6094,5,2,5
6095,5,2,5
6096,5,2,5
6097,5,2,5
6098,5,2,5
6099,5,2,5
6100,5,2,5
6101,5,2,5
6102,5,2,5
6103,5,2,5
6104,5,2,5
6105,5,2,5
6106,5,2,5
6107,5,2,5
6108,5,2,5
6109,5,2,5
6110,5,2,5
6111,5,2,5
6112,5,2,5
6113,5,2,5
6114,5,2,5
6115,5,2,5
6116,5,2,5
6117,5,2,5
6118,5,2,5
6119,5,2,5
6120,5,2,5
6121,5,2,5
6122,5,2,5
6123,5,2,5
6124,5,2,5
6125,5,2,5
6126,5,2,5
6127,5,2,5
6128,5,2,5
6129,5,2,5
6130,5,2,5
6131,5,2,5
6132,5,2,5
6133,5,2,5
6134,5,2,5
6135,5,2,5
6136,5,2,5
6137,5,2,5
6138,5,2,5
6139,5,2,5
6140,5,2,5
6141,5,2,5
6142,5,2,5
6143,5,2,5
6144,5,2,5
6145,5,2,5
6146,5,2,5
6147,5,2,5
6148,5,2,5
6149,5,2,5
6150,5,2,5
6151,5,2,5
6152,5,2,5
6153,5,2,5
6154,5,2,5
6155,5,2,5
6156,5,2,5
6157,5,2,5
6158,5,2,5
6159,5,2,5
6160,5,2,5
6161,5,2,5
6162,5,2,5
6163,5,2,5
6164,5,2,5
6165,5,2,5
6166,5,2,5
6167,5,2,5
6168,5,2,5
6169,5,2,5
6170,5,2,5
6171,5,2,5
6172,5,2,5
6173,5,2,5
6174,5,2,5
6175,5,2,5
6176,5,2,5
6177,5,2,5
6178,5,2,5
6179,5,2,5
6180,5,2,5
6181,5,2,5
6182,5,2,5
6183,5,2,5
6184,5,2,5
6185,5,2,5
6186,5,2,5
6187,5,2,5
6188,5,2,5
6189,5,2,5
6190,5,2,5
6191,5,2,5
6192,5,2,5
6193,5,2,5
6194,5,2,5
6195,5,2,5
6196,5,2,5
6197,5,2,5
6198,5,2,5
6199,5,2,5
6200,5,2,5
6201,5,2,5
6202,5,2,5
6203,5,2,5
6204,5,2,5
6205,5,2,5
6206,5,2,5
6207,5,2,5
6208,5,2,5
6209,5,2,5
6210,5,2,5
6211,5,2,5
6212,5,2,5
6213,5,2,5
6214,5,2,5
6215,5,2,5
6216,5,2,5
6217,5,2,5
6218,5,2,5
6219,5,2,5
6220,5,2,5
6221,5,2,5
6222,5,2,5
6223,5,2,5
6224,5,2,5
6225,5,2,5
6226,5,2,5
6227,5,2,5
6228,5,2,5
6229,5,2,5
6230,5,2,5
6231,5,2,5
6232,5,2,5
6233,5,2,5
6234,5,2,5
6235,5,2,5
6236,5,2,5
6237,5,2,5
6238,5,2,5
6239,5,2,5
6240,5,2,5
6241,5,2,5
6242,5,2,5
6243,5,2,5
6244,5,2,5
6245,5,2,5
6246,5,2,5
6247,5,2,5
6248,5,2,5
6249,6,1,6
6250,6,1,6
6251,6,1,6
6252,6,1,6
6253,6,1,6
6254,6,1,6
6255,6,1,6
6256,6,1,6
6257,6,1,6
6258,6,1,6
6259,6,1,6
6260,6,1,6
6261,6,1,6
6262,6,1,6
6263,6,1,6
6264,6,1,6
6265,6,1,6
6266,6,1,6
6267,6,1,6
6268,6,1,6
6269,6,1,6
6270,6,1,6
6271,6,1,6
6272,6,1,6
6273,6,1,6
6274,6,1,6
6275,6,1,6
6276,6,1,6
6277,6,1,6
6278,6,1,6
6279,6,1,6
6280,6,1,6
6281,6,1,6
6282,6,1,6
6283,6,1,6
6284,6,1,6
6285,6,1,6
6286,6,1,6
6287,6,1,6
6288,6,1,6
6289,6,1,6
6290,6,1,6
6291,6,1,6
6292,6,1,6
6293,6,1,6
6294,6,1,6
6295,6,1,6
6296,6,1,6
6297,6,1,6
6298,6,1,6
6299,6,1,6
6300,6,1,6
6301,6,1,6
6302,6,1,6
6303,6,1,6
6304,6,1,6
6305,6,1,6
6306,6,1,6
6307,6,1,6
6308,6,1,6
6309,6,1,6
6310,6,1,6
6311,6,1,6
6312,6,1,6
6313,6,1,6
6314,6,1,6
6315,6,1,6
6316,6,1,6
6317,6,1,6
6318,6,1,6
6319,6,1,6
6320,6,1,6
6321,6,1,6
6322,6,1,6
6323,6,1,6
6324,6,1,6
6325,6,1,6
6326,6,1,6
6327,6,1,6
6328,6,1,6
6329,6,1,6
6330,6,1,6
6331,6,1,6
6332,6,1,6
6333,6,1,6
6334,6,1,6
6335,6,1,6
6336,6,1,6
6337,6,1,6
6338,6,1,6
6339,6,1,6
6340,6,1,6
6341,6,1,6
6342,6,1,6
6343,6,1,6
6344,6,1,6
6345,6,1,6
6346,6,1,6
6347,6,1,6
6348,6,1,6
6349,6,1,6
6350,6,1,6
6351,6,1,6
6352,6,1,6
6353,6,1,6
6354,6,1,6
6355,6,1,6
6356,6,1,6
6357,6,1,6
6358,6,1,6
6359,6,1,6
6360,6,1,6
6361,6,1,6
6362,6,1,6
6363,6,1,6
6364,6,1,6
6365,6,1,6
6366,6,1,6
6367,6,1,6
6368,6,1,6
6369,6,1,6
6370,6,1,6
6371,6,1,6
6372,6,1,6
6373,6,1,6
6374,6,1,6
6375,6,1,6
6376,6,1,6
6377,6,1,6
6378,6,1,6
6379,6,1,6
6380,6,1,6
6381,6,1,6
6382,6,1,6
6383,6,1,6
6384,6,1,6
6385,6,1,6
6386,6,1,6
6387,6,1,6
6388,6,1,6
6389,6,1,6
6390,6,1,6
6391,6,1,6
6392,6,1,6
6393,6,1,6
6394,6,1,6
6395,6,1,6
6396,6,1,6
6397,6,1,6
6398,6,1,6
6399,6,1,6
6400,6,1,6
6401,6,1,6
6402,6,1,6
6403,6,1,6
6404,6,1,6
6405,6,1,6
6406,6,1,6
6407,6,1,6
6408,6,1,6
6409,6,1,6
6410,6,1,6
6411,6,1,6
6412,6,1,6
6413,6,1,6
6414,6,1,6
6415,6,1,6
6416,6,1,6
6417,6,1,6
6418,6,1,6
6419,6,1,6
6420,6,1,6
6421,6,1,6
6422,6,1,6
6423,6,1,6
6424,6,1,6
6425,6,1,6
6426,6,1,6
6427,6,1,6
6428,6,1,6
6429,6,1,6
6430,6,1,6
6431,6,1,6
6432,6,1,6
6433,6,1,6
6434,6,1,6
6435,6,1,6
6436,6,1,6
6437,6,1,6
6438,6,1,6
6439,6,1,6
6440,6,1,6
6441,6,1,6
6442,6,1,6
6443,6,1,6
6444,6,1,6
6445,6,1,6
6446,6,1,6
6447,6,1,6
6448,6,1,6
6449,6,1,6
6450,6,1,6
6451,6,1,6
6452,6,1,6
6453,6,1,6
6454,6,1,6
6455,6,1,6
6456,6,1,6
6457,6,1,6
6458,6,1,6
6459,6,1,6
6460,6,1,6
6461,6,1,6
6462,6,1,6
6463,6,1,6
6464,6,1,6
6465,6,1,6
6466,6,1,6
6467,6,1,6
6468,6,1,6
6469,6,1,6
6470,6,1,6
6471,6,1,6
6472,6,1,6
6473,6,1,6
6474,6,1,6
6475,6,1,6
6476,6,1,6
6477,6,1,6
6478,6,1,6
6479,6,1,6
6480,6,1,6
6481,6,1,6
6482,6,1,6
6483,6,1,6
6484,6,1,6
6485,6,1,6
6486,6,1,6
6487,6,1,6
6488,6,1,6
6489,6,1,6
6490,6,1,6
6491,6,1,6
6492,6,1,6
6493,6,1,6
6494,6,1,6
6495,6,1,6
6496,6,1,6
6497,6,1,6
6498,6,1,6
6499,6,1,6
6500,6,1,6
6501,6,1,6
6502,6,1,6
6503,6,1,6
6504,6,1,6
6505,6,1,6
6506,6,1,6
6507,6,1,6
6508,6,1,6
6509,6,1,6
6510,6,1,6
6511,6,1,6
6512,6,1,6
6513,6,1,6
6514,6,1,6
6515,6,1,6
6516,6,1,6
6517,6,1,6
6518,6,1,6
6519,6,1,6
6520,6,1,6
6521,6,1,6
6522,6,1,6
6523,6,1,6
6524,6,1,6
6525,6,1,6
6526,6,1,6
6527,6,1,6
6528,6,1,6
6529,6,1,6
6530,6,1,6
6531,6,1,6
6532,6,1,6
6533,6,1,6
6534,6,1,6
6535,6,1,6
6536,6,1,6
6537,6,1,6
6538,6,1,6
6539,6,1,6
6540,6,1,6
6541,6,1,6
6542,6,1,6
6543,6,1,6
6544,6,1,6
6545,6,1,6
6546,6,1,6
6547,6,1,6
6548,6,1,6
6549,6,1,6
6550,6,1,6
6551,6,1,6
6552,6,1,6
6553,6,1,6
6554,6,1,6
6555,6,1,6
6556,6,1,6
6557,6,1,6
6558,6,1,6
6559,6,1,6
6560,6,1,6
6561,6,1,6
6562,6,1,6
6563,6,1,6
6564,6,1,6
6565,6,1,6
6566,6,1,6
6567,6,1,6
6568,6,1,6
6569,6,1,6
6570,6,1,6
6571,6,1,6
6572,6,1,6
6573,6,1,6
6574,6,1,6
6575,6,1,6
6576,6,1,6
6577,6,1,6
6578,6,1,6
6579,6,1,6
6580,6,1,6
6581,6,1,6
6582,6,1,6
6583,6,1,6
6584,6,1,6
6585,6,1,6
6586,6,1,6
6587,6,1,6
6588,6,1,6
6589,6,1,6
6590,6,1,6
6591,6,1,6
6592,6,1,6
6593,6,1,6
6594,6,1,6
6595,6,1,6
6596,6,1,6
6597,6,1,6
6598,6,1,6
6599,6,1,6
6600,6,1,6
6601,6,1,6
6602,6,1,6
6603,6,1,6
6604,6,1,6
6605,6,1,6
6606,6,1,6
6607,6,1,6
6608,6,1,6
6609,6,1,6
6610,6,1,6
6611,6,1,6
6612,6,1,6
6613,6,1,6
6614,6,1,6
6615,6,1,6
6616,6,1,6
6617,6,1,6
6618,6,1,6
6619,6,1,6
6620,6,1,6
6621,6,1,6
6622,6,1,6
6623,6,1,6
6624,6,1,6
6625,6,1,6
6626,6,1,6
6627,6,1,6
6628,6,1,6
6629,6,1,6
6630,6,1,6
6631,6,1,6
6632,6,1,6
6633,6,1,6
6634,6,1,6
6635,6,1,6
6636,6,1,6
6637,6,1,6
6638,6,1,6
6639,6,1,6
6640,6,1,6
6641,6,1,6
6642,6,1,6
6643,6,1,6
6644,6,1,6
6645,6,1,6
6646,6,1,6
6647,6,1,6
6648,6,1,6
6649,6,1,6
6650,6,1,6
6651,6,1,6
6652,6,1,6
6653,6,1,6
6654,6,1,6
6655,6,1,6
6656,6,1,6
6657,6,1,6
6658,6,1,6
6659,6,1,6
6660,6,1,6
6661,6,1,6
6662,6,1,6
6663,6,1,6
6664,6,1,6
6665,6,1,6
6666,6,1,6
6667,6,1,6
6668,6,1,6
6669,6,1,6
6670,6,1,6
6671,6,1,6
6672,6,1,6
6673,6,1,6
6674,6,1,6
6675,6,1,6
6676,6,1,6
6677,6,1,6
6678,6,1,6
6679,6,1,6
6680,6,1,6
6681,6,1,6
6682,6,1,6
6683,6,1,6
6684,6,1,6
6685,6,1,6
6686,6,1,6
6687,6,1,6
6688,6,1,6
6689,6,1,6
6690,6,1,6
6691,6,1,6
6692,6,1,6
6693,6,1,6
6694,6,1,6
6695,6,1,6
6696,6,1,6
6697,6,1,6
6698,6,1,6
6699,6,1,6
6700,6,1,6
6701,6,1,6
6702,6,1,6
6703,6,1,6
6704,6,1,6
6705,6,1,6
6706,6,1,6
6707,6,1,6
6708,6,1,6
6709,6,1,6
6710,6,1,6
6711,6,1,6
6712,6,1,6
6713,6,1,6
6714,6,1,6
6715,6,1,6
6716,6,1,6
6717,6,1,6
6718,6,1,6
6719,6,1,6
6720,6,1,6
6721,6,1,6
6722,6,1,6
6723,6,1,6
6724,6,1,6
6725,6,1,6
6726,6,1,6
6727,6,1,6
6728,6,1,6
6729,6,1,6
6730,6,1,6
6731,6,1,6
6732,6,1,6
6733,6,1,6
6734,6,1,6
6735,6,1,6
6736,6,1,6
6737,6,1,6
6738,6,1,6
6739,6,1,6
6740,6,1,6
6741,6,1,6
6742,6,1,6
6743,6,1,6
6744,6,1,6
6745,6,1,6
6746,6,1,6
6747,6,1,6
6748,6,1,6
6749,6,1,6
6750,6,1,6
6751,6,1,6
6752,6,1,6
6753,6,1,6
6754,6,1,6
6755,6,1,6
6756,6,1,6
6757,6,1,6
6758,6,1,6
6759,6,1,6
6760,6,1,6
6761,6,1,6
6762,6,1,6
6763,6,1,6
6764,6,1,6
6765,6,1,6
6766,6,1,6
6767,6,1,6
6768,6,1,6
6769,6,1,6
6770,6,1,6
6771,6,1,6
6772,6,1,6
6773,6,1,6
6774,6,1,6
6775,6,1,6
6776,6,1,6
6777,6,1,6
6778,6,1,6
6779,6,1,6
6780,6,1,6
6781,6,1,6
6782,6,1,6
6783,6,1,6
6784,6,1,6
6785,6,1,6
6786,6,1,6
6787,6,1,6
6788,6,1,6
6789,6,1,6
6790,6,1,6
6791,6,1,6
6792,6,1,6
6793,6,1,6
6794,6,1,6
6795,6,1,6
6796,6,1,6
6797,6,1,6
6798,6,1,6
6799,6,1,6
6800,6,1,6
6801,6,1,6
6802,6,1,6
6803,6,1,6
6804,6,1,6
6805,6,1,6
6806,6,1,6
6807,6,1,6
6808,6,1,6
6809,6,1,6
6810,6,1,6
6811,6,1,6
6812,6,1,6
6813,6,1,6
6814,6,1,6
6815,6,1,6
6816,6,1,6
6817,6,1,6
6818,6,1,6
6819,6,1,6
6820,6,1,6
6821,6,1,6
6822,6,1,6
6823,6,1,6
6824,6,1,6
6825,6,1,6
6826,6,1,6
6827,6,1,6
6828,6,1,6
6829,6,1,6
6830,6,1,6
6831,6,1,6
6832,6,1,6
6833,6,1,6
6834,6,1,6
6835,6,1,6
6836,6,1,6
6837,6,1,6
6838,6,1,6
6839,6,1,6
6840,6,1,6
6841,6,1,6
6842,6,1,6
6843,6,1,6
6844,6,1,6
6845,6,1,6
6846,6,1,6
6847,6,1,6
6848,6,1,6
6849,6,1,6
6850,6,1,6
6851,6,1,6
6852,6,1,6
6853,6,1,6
6854,6,1,6
6855,6,1,6
6856,6,1,6
6857,6,1,6
6858,6,1,6
6859,6,1,6
6860,6,1,6
6861,6,1,6
6862,6,1,6
6863,6,1,6
6864,6,1,6
6865,6,1,6
6866,6,1,6
6867,6,1,6
6868,6,1,6
6869,6,1,6
6870,6,1,6
6871,6,1,6
6872,6,1,6
6873,6,1,6
6874,6,1,6
6875,6,1,6
6876,6,1,6
6877,6,1,6
6878,6,1,6
6879,6,1,6
6880,6,1,6
6881,6,1,6
6882,6,1,6
6883,6,1,6
6884,6,1,6
6885,6,1,6
6886,6,1,6
6887,6,1,6
6888,6,1,6
6889,6,1,6
6890,6,1,6
6891,6,1,6
6892,6,1,6
6893,6,1,6
6894,6,1,6
6895,6,1,6
6896,6,1,6
6897,6,1,6
6898,6,1,6
6899,6,1,6
6900,6,1,6
6901,6,1,6
6902,6,1,6
6903,6,1,6
6904,6,1,6
6905,6,1,6
6906,6,1,6
6907,6,1,6
6908,6,1,6
6909,6,1,6
6910,6,1,6
6911,6,1,6
6912,6,1,6
6913,6,1,6
6914,6,1,6
6915,6,1,6
6916,6,1,6
6917,6,1,6
6918,6,1,6
6919,6,1,6
6920,6,1,6
6921,6,1,6
6922,6,1,6
6923,6,1,6
6924,6,1,6
6925,6,1,6
6926,6,1,6
6927,6,1,6
6928,6,1,6
6929,6,1,6
6930,6,1,6
6931,6,1,6
6932,6,1,6
6933,6,1,6
6934,6,1,6
6935,6,1,6
6936,6,1,6
6937,6,1,6
6938,6,1,6
6939,6,1,6
6940,6,1,6
6941,6,1,6
6942,6,1,6
6943,6,1,6
6944,6,1,6
6945,6,1,6
6946,6,1,6
6947,6,1,6
6948,6,1,6
6949,6,1,6
6950,6,1,6
6951,6,1,6
6952,6,1,6
6953,6,1,6
6954,6,1,6
6955,6,1,6
6956,6,1,6
6957,6,1,6
6958,6,1,6
6959,6,1,6
6960,6,1,6
6961,6,1,6
6962,6,1,6
6963,6,1,6
6964,6,1,6
6965,6,1,6
6966,6,1,6
6967,6,1,6
6968,6,1,6
6969,6,1,6
6970,6,1,6
6971,6,1,6
6972,6,1,6
6973,6,1,6
6974,6,1,6
6975,6,1,6
6976,6,1,6
6977,6,1,6
6978,6,1,6
6979,6,1,6
6980,6,1,6
6981,6,1,6
6982,6,1,6
6983,6,1,6
6984,6,1,6
6985,6,1,6
6986,6,1,6
6987,6,1,6
6988,6,1,6
6989,6,1,6
6990,6,1,6
6991,6,1,6
6992,6,1,6
6993,6,1,6
6994,6,1,6
6995,6,1,6
6996,6,1,6
6997,6,1,6
6998,6,1,6
6999,6,1,6
7000,6,1,6
7001,6,1,6
7002,6,1,6
7003,6,1,6
7004,6,1,6
7005,6,1,6
7006,6,1,6
7007,6,1,6
7008,6,1,6
7009,6,1,6
7010,6,1,6
7011,6,1,6
7012,6,1,6
7013,6,1,6
7014,6,1,6
7015,6,1,6
7016,6,1,6
7017,6,1,6
7018,6,1,6
7019,6,1,6
7020,6,1,6
7021,6,1,6
7022,6,1,6
7023,6,1,6
7024,6,1,6
7025,6,1,6
7026,6,1,6
7027,6,1,6
7028,6,1,6
7029,6,1,6
7030,6,1,6
7031,6,1,6
7032,6,1,6
7033,6,1,6
7034,6,1,6
7035,6,1,6
7036,6,1,6
7037,6,1,6
7038,6,1,6
7039,6,1,6
7040,6,1,6
7041,6,1,6
7042,6,1,6
7043,6,1,6
7044,6,1,6
7045,6,1,6
7046,6,1,6
7047,6,1,6
7048,6,1,6
7049,6,1,6
7050,6,1,6
7051,6,1,6
7052,6,1,6
7053,6,1,6
7054,6,1,6
7055,6,1,6
7056,6,1,6
7057,6,1,6
7058,6,1,6
7059,6,1,6
7060,6,1,6
7061,6,1,6
7062,6,1,6
7063,6,1,6
7064,6,1,6
7065,6,1,6
7066,6,1,6
7067,6,1,6
7068,6,1,6
7069,6,1,6
7070,6,1,6
7071,6,1,6
7072,6,1,6
7073,6,1,6
7074,6,1,6
7075,6,1,6
7076,6,1,6
7077,6,1,6
7078,6,1,6
7079,6,1,6
7080,6,1,6
7081,6,1,6
7082,6,1,6
7083,6,1,6
7084,6,1,6
7085,6,1,6
7086,6,1,6
7087,6,1,6
7088,6,1,6
7089,6,1,6
7090,6,1,6
7091,6,1,6
7092,6,1,6
7093,6,1,6
7094,6,1,6
7095,6,1,6
7096,6,1,6
7097,6,1,6
7098,6,1,6
7099,6,1,6
7100,6,1,6
7101,6,1,6
7102,6,1,6
7103,6,1,6
7104,6,1,6
7105,6,1,6
7106,6,1,6
7107,6,1,6
7108,6,1,6
7109,6,1,6
7110,6,1,6
7111,6,1,6
7112,6,1,6
7113,6,1,6
7114,6,1,6
7115,6,1,6
7116,6,1,6
7117,6,1,6
7118,6,1,6
7119,6,1,6
7120,6,1,6
7121,6,1,6
7122,6,1,6
7123,6,1,6
7124,6,1,6
7125,6,1,6
7126,6,1,6
7127,6,1,6
7128,6,1,6
7129,6,1,6
7130,6,1,6
7131,6,1,6
7132,6,1,6
7133,6,1,6
7134,6,1,6
7135,6,1,6
7136,6,1,6
7137,6,1,6
7138,6,1,6
7139,6,1,6
7140,6,1,6
7141,6,1,6
7142,6,1,6
7143,6,1,6
7144,6,1,6
7145,6,1,6
7146,6,1,6
7147,6,1,6
7148,6,1,6
7149,6,1,6
7150,6,1,6
7151,6,1,6
7152,6,1,6
7153,6,1,6
7154,6,1,6
7155,6,1,6
7156,6,1,6
7157,6,1,6
7158,6,1,6
7159,6,1,6
7160,6,1,6
7161,6,1,6
7162,6,1,6
7163,6,1,6
7164,6,1,6
7165,6,1,6
7166,6,1,6
7167,6,1,6
7168,6,1,6
7169,6,1,6
7170,6,1,6
7171,6,1,6
7172,6,1,6
7173,6,1,6
7174,6,1,6
7175,6,1,6
7176,6,1,6
7177,6,1,6
7178,6,1,6
7179,6,1,6
7180,6,1,6
7181,6,1,6
7182,6,1,6
7183,6,1,6
7184,6,1,6
7185,6,1,6
7186,6,1,6
7187,6,1,6
7188,6,1,6
7189,6,1,6
7190,6,1,6
7191,6,1,6
7192,6,1,6
7193,6,1,6
7194,6,1,6
7195,6,1,6
7196,6,1,6
7197,6,1,6
7198,6,1,6
7199,6,1,6
7200,6,1,6
7201,6,1,6
7202,6,1,6
7203,6,1,6
7204,6,1,6
7205,6,1,6
7206,6,1,6
7207,6,1,6
7208,6,1,6
7209,6,1,6
7210,6,1,6
7211,6,1,6
7212,6,1,6
7213,6,1,6
7214,6,1,6
7215,6,1,6
7216,6,1,6
7217,6,1,6
7218,6,1,6
7219,6,1,6
7220,6,1,6
7221,6,1,6
7222,6,1,6
7223,6,1,6
7224,6,1,6
7225,6,1,6
7226,6,1,6
7227,6,1,6
7228,6,1,6
7229,6,1,6
7230,6,1,6
7231,6,1,6
7232,6,1,6
7233,6,1,6
7234,6,1,6
7235,6,1,6
7236,6,1,6
7237,6,1,6
7238,6,1,6
7239,6,1,6
7240,6,1,6
7241,6,1,6
7242,6,1,6
7243,6,1,6
7244,6,1,6
7245,6,1,6
7246,6,1,6
7247,6,1,6
7248,6,1,6
7249,6,1,6
7250,6,1,6
7251,6,1,6
7252,6,1,6
7253,6,1,6
7254,6,1,6
7255,6,1,6
7256,6,1,6
7257,6,1,6
7258,6,1,6
7259,6,1,6
7260,6,1,6
7261,6,1,6
7262,6,1,6
7263,6,1,6
7264,6,1,6
7265,6,1,6
7266,6,1,6
7267,6,1,6
7268,6,1,6
7269,6,1,6
7270,6,1,6
7271,6,1,6
7272,6,1,6
7273,6,1,6
7274,6,1,6
7275,6,1,6
7276,6,1,6
7277,6,1,6
7278,6,1,6
7279,6,1,6
7280,6,1,6
7281,6,1,6
7282,6,1,6
7283,6,1,6
7284,6,1,6
7285,6,1,6
7286,6,1,6
7287,6,1,6
7288,6,1,6
7289,6,1,6
7290,6,1,6
7291,6,1,6
7292,6,1,6
7293,6,1,6
7294,6,1,6
7295,6,1,6
7296,6,1,6
7297,6,1,6
7298,6,1,6
7299,6,1,6
7300,6,1,6
7301,6,1,6
7302,6,1,6
7303,6,1,6
7304,6,1,6
7305,6,1,6
7306,6,1,6
7307,6,1,6
7308,6,1,6
7309,6,1,6
7310,6,1,6
7311,6,1,6
7312,6,1,6
7313,6,1,6
7314,6,1,6
7315,6,1,6
7316,6,1,6
7317,6,1,6
7318,6,1,6
7319,6,1,6
7320,6,1,6
7321,6,1,6
7322,6,1,6
7323,6,1,6
7324,6,1,6
7325,6,1,6
7326,6,1,6
7327,6,1,6
7328,6,1,6
7329,6,1,6
7330,6,1,6
7331,6,1,6
7332,6,1,6
7333,6,1,6
7334,6,1,6
7335,6,1,6
7336,6,1,6
7337,6,1,6
7338,6,1,6
7339,6,1,6
7340,6,1,6
7341,6,1,6
7342,6,1,6
7343,6,1,6
7344,6,1,6
7345,6,1,6
7346,6,1,6
7347,6,1,6
7348,6,1,6
7349,6,1,6
7350,6,1,6
7351,6,1,6
7352,6,1,6
7353,6,1,6
7354,6,1,6
7355,6,1,6
7356,6,1,6
7357,6,1,6
7358,6,1,6
7359,6,1,6
7360,6,1,6
7361,6,1,6
7362,6,1,6
7363,6,1,6
7364,6,1,6
7365,6,1,6
7366,6,1,6
7367,6,1,6
7368,6,1,6
7369,6,1,6
7370,6,1,6
7371,6,1,6
7372,6,1,6
7373,6,1,6
7374,6,1,6
7375,6,1,6
7376,6,1,6
7377,6,1,6
7378,6,1,6
7379,6,1,6
7380,6,1,6
7381,6,1,6
7382,6,1,6
7383,6,1,6
7384,6,1,6
7385,6,1,6
7386,6,1,6
7387,6,1,6
7388,6,1,6
7389,6,1,6
7390,6,1,6
7391,6,1,6
7392,6,1,6
7393,6,1,6
7394,6,1,6
7395,6,1,6
7396,6,1,6
7397,6,1,6
7398,6,1,6
7399,6,1,6
7400,6,1,6
7401,6,1,6
7402,6,1,6
7403,6,1,6
7404,6,1,6
7405,6,1,6
7406,6,1,6
7407,6,1,6
7408,6,1,6
7409,6,1,6
7410,6,1,6
7411,6,1,6
7412,6,1,6
7413,6,1,6
7414,6,1,6
7415,6,1,6
7416,6,1,6
7417,6,1,6
7418,6,1,6
7419,6,1,6
7420,6,1,6
7421,6,1,6
7422,6,1,6
7423,6,1,6
7424,6,1,6
7425,6,1,6
7426,6,1,6
7427,6,1,6
7428,6,1,6
7429,6,1,6
7430,6,1,6
7431,6,1,6
7432,6,1,6
7433,6,1,6
7434,6,1,6
7435,6,1,6
7436,6,1,6
7437,6,1,6
7438,6,1,6
7439,6,1,6
7440,6,1,6
7441,6,1,6
7442,6,1,6
7443,6,1,6
7444,6,1,6
7445,6,1,6
7446,6,1,6
7447,6,1,6
7448,6,1,6
7449,6,1,6
7450,6,1,6
7451,6,1,6
7452,6,1,6
7453,6,1,6
7454,6,1,6
7455,6,1,6
7456,6,1,6
7457,6,1,6
7458,6,1,6
7459,6,1,6
7460,6,1,6
7461,6,1,6
7462,6,1,6
7463,6,1,6
7464,6,1,6
7465,6,1,6
7466,6,1,6
7467,6,1,6
7468,6,1,6
7469,6,1,6
7470,6,1,6
7471,6,1,6
7472,6,1,6
7473,6,1,6
7474,6,1,6
7475,6,1,6
7476,6,1,6
7477,6,1,6
7478,6,1,6
7479,6,1,6
7480,6,1,6
7481,6,1,6
7482,6,1,6
7483,6,1,6
7484,6,1,6
7485,6,1,6
7486,6,1,6
7487,6,1,6
7488,6,1,6
7489,6,1,6
7490,6,1,6
7491,6,1,6
7492,6,1,6
7493,6,1,6
7494,6,1,6
7495,6,1,6
7496,6,1,6
7497,6,1,6
7498,6,1,6
7499,6,1,6
